Workbook

Sheet Dashboard
A1: Dashboard — Suivi des factures fournisseurs
A2: Généré le | H2: 20/07/2026 13:17:23
A4: KPI | E4: PIPELINE
A5: Indicateur | B5: Nb | C5: Montant ($) | E5: Étape | F5: Nb factures | G5: % factures | H5: Montant ($)
A6: TOTAL FACTURES | B6: =COUNTA(Factures!$C$3:$C$502) -> 0 | C6: =SUM(Factures!$D$3:$D$502) -> 0 | E6: Facture reçue | F6: =COUNTIF(Factures!$N$3:$N$502,"Facture reçue") -> 0 | G6: =IFERROR(F6/$B$6,0) -> 0 | H6: =SUMIF(Factures!$N$3:$N$502,"Facture reçue",Factures!$D$3:$D$502) -> 0
A7: MONTANT DÛ | B7: =B6-COUNTIF(Factures!$N$3:$N$502,"paid") -> 0 | C7: =C6-SUMIF(Factures!$N$3:$N$502,"paid",Factures!$D$3:$D$502) -> 0 | E7: unpaid | F7: =COUNTIF(Factures!$N$3:$N$502,"unpaid") -> 0 | G7: =IFERROR(F7/$B$6,0) -> 0 | H7: =SUMIF(Factures!$N$3:$N$502,"unpaid",Factures!$D$3:$D$502) -> 0
A8: EN RETARD (ÉCHÉANCE) | B8: =SUMPRODUCT((Factures!$C$3:$C$502<>"")*(Factures!$N$3:$N$502<>"paid")*(Factures!$E$3:$E$502<>"")*(Factures!$E$3:$E$502<TODAY())) -> 0 | C8: =SUMPRODUCT((Factures!$C$3:$C$502<>"")*(Factures!$N$3:$N$502<>"paid")*(Factures!$E$3:$E$502<>"")*(Factures!$E$3:$E$502<TODAY())*(Factures!$D$3:$D$502)) -> 0 | E8: Posted and unpaid | F8: =COUNTIF(Factures!$N$3:$N$502,"Posted and unpaid") -> 0 | G8: =IFERROR(F8/$B$6,0) -> 0 | H8: =SUMIF(Factures!$N$3:$N$502,"Posted and unpaid",Factures!$D$3:$D$502) -> 0
A9: POSTED AND UNPAID | B9: =COUNTIF(Factures!$N$3:$N$502,"Posted and unpaid") -> 0 | C9: =SUMIF(Factures!$N$3:$N$502,"Posted and unpaid",Factures!$D$3:$D$502) -> 0 | E9: paid | F9: =COUNTIF(Factures!$N$3:$N$502,"paid") -> 0 | G9: =IFERROR(F9/$B$6,0) -> 0 | H9: =SUMIF(Factures!$N$3:$N$502,"paid",Factures!$D$3:$D$502) -> 0

Sheet Factures
A1: Suivi des factures fournisseurs
A2: DATE | B2: SOCIETE | C2: FACTURE | D2: MONTANT | E2: ECHEANCE | F2: PR | G2: DATE PR | H2: P.O | I2: DATE PO | J2: GRN | K2: DATE GRN | L2: payment | M2: DATE PYM | N2: STATUT | O2: COMMENTAIRE
L3: =IF(C3="","",IF(F3="","Facture reçue",IF(H3="","PR",IF(J3="","PO","Posted and unpaid")))) | M3: =IF(C3="","",IF(F3="","La facture a été reçue et est en attente de création du PR.",IF(H3="","Le PR a été renseigné ; en attente de création du bon de commande (PO).",IF(J3="","Le PO a été renseigné ; en attente du bon de réception (GRN).","Facture comptabilisée et non payée.")))) | N3: =IF(C3="","",IF(F3="","Facture reçue",IF(H3="","unpaid",IF(J3="","unpaid",IF(L3="","Posted and unpaid","paid"))))) | O3: =IF(C3="","",IF(F3="","La facture a été reçue et est en attente de création du PR.",IF(H3="","Le PR a été renseigné ; facture non payée, en attente du bon de commande (PO).",IF(J3="","Le PO a été renseigné ; facture non payée, en attente du bon de réception (GRN).",IF(L3="","Le GRN a été renseigné ; facture comptabilisée et non payée.","Le paiement a été enregistré ; facture payée.")))))
L4: =IF(C4="","",IF(F4="","Facture reçue",IF(H4="","PR",IF(J4="","PO","Posted and unpaid")))) | M4: =IF(C4="","",IF(F4="","La facture a été reçue et est en attente de création du PR.",IF(H4="","Le PR a été renseigné ; en attente de création du bon de commande (PO).",IF(J4="","Le PO a été renseigné ; en attente du bon de réception (GRN).","Facture comptabilisée et non payée.")))) | N4: =IF(C4="","",IF(F4="","Facture reçue",IF(H4="","unpaid",IF(J4="","unpaid",IF(L4="","Posted and unpaid","paid"))))) | O4: =IF(C4="","",IF(F4="","La facture a été reçue et est en attente de création du PR.",IF(H4="","Le PR a été renseigné ; facture non payée, en attente du bon de commande (PO).",IF(J4="","Le PO a été renseigné ; facture non payée, en attente du bon de réception (GRN).",IF(L4="","Le GRN a été renseigné ; facture comptabilisée et non payée.","Le paiement a été enregistré ; facture payée.")))))
L5: =IF(C5="","",IF(F5="","Facture reçue",IF(H5="","PR",IF(J5="","PO","Posted and unpaid")))) | M5: =IF(C5="","",IF(F5="","La facture a été reçue et est en attente de création du PR.",IF(H5="","Le PR a été renseigné ; en attente de création du bon de commande (PO).",IF(J5="","Le PO a été renseigné ; en attente du bon de réception (GRN).","Facture comptabilisée et non payée.")))) | N5: =IF(C5="","",IF(F5="","Facture reçue",IF(H5="","unpaid",IF(J5="","unpaid",IF(L5="","Posted and unpaid","paid"))))) | O5: =IF(C5="","",IF(F5="","La facture a été reçue et est en attente de création du PR.",IF(H5="","Le PR a été renseigné ; facture non payée, en attente du bon de commande (PO).",IF(J5="","Le PO a été renseigné ; facture non payée, en attente du bon de réception (GRN).",IF(L5="","Le GRN a été renseigné ; facture comptabilisée et non payée.","Le paiement a été enregistré ; facture payée.")))))
L6: =IF(C6="","",IF(F6="","Facture reçue",IF(H6="","PR",IF(J6="","PO","Posted and unpaid")))) | M6: =IF(C6="","",IF(F6="","La facture a été reçue et est en attente de création du PR.",IF(H6="","Le PR a été renseigné ; en attente de création du bon de commande (PO).",IF(J6="","Le PO a été renseigné ; en attente du bon de réception (GRN).","Facture comptabilisée et non payée.")))) | N6: =IF(C6="","",IF(F6="","Facture reçue",IF(H6="","unpaid",IF(J6="","unpaid",IF(L6="","Posted and unpaid","paid"))))) | O6: =IF(C6="","",IF(F6="","La facture a été reçue et est en attente de création du PR.",IF(H6="","Le PR a été renseigné ; facture non payée, en attente du bon de commande (PO).",IF(J6="","Le PO a été renseigné ; facture non payée, en attente du bon de réception (GRN).",IF(L6="","Le GRN a été renseigné ; facture comptabilisée et non payée.","Le paiement a été enregistré ; facture payée.")))))
L7: =IF(C7="","",IF(F7="","Facture reçue",IF(H7="","PR",IF(J7="","PO","Posted and unpaid")))) | M7: =IF(C7="","",IF(F7="","La facture a été reçue et est en attente de création du PR.",IF(H7="","Le PR a été renseigné ; en attente de création du bon de commande (PO).",IF(J7="","Le PO a été renseigné ; en attente du bon de réception (GRN).","Facture comptabilisée et non payée.")))) | N7: =IF(C7="","",IF(F7="","Facture reçue",IF(H7="","unpaid",IF(J7="","unpaid",IF(L7="","Posted and unpaid","paid"))))) | O7: =IF(C7="","",IF(F7="","La facture a été reçue et est en attente de création du PR.",IF(H7="","Le PR a été renseigné ; facture non payée, en attente du bon de commande (PO).",IF(J7="","Le PO a été renseigné ; facture non payée, en attente du bon de réception (GRN).",IF(L7="","Le GRN a été renseigné ; facture comptabilisée et non payée.","Le paiement a été enregistré ; facture payée.")))))
L8: =IF(C8="","",IF(F8="","Facture reçue",IF(H8="","PR",IF(J8="","PO","Posted and unpaid")))) | M8: =IF(C8="","",IF(F8="","La facture a été reçue et est en attente de création du PR.",IF(H8="","Le PR a été renseigné ; en attente de création du bon de commande (PO).",IF(J8="","Le PO a été renseigné ; en attente du bon de réception (GRN).","Facture comptabilisée et non payée.")))) | N8: =IF(C8="","",IF(F8="","Facture reçue",IF(H8="","unpaid",IF(J8="","unpaid",IF(L8="","Posted and unpaid","paid"))))) | O8: =IF(C8="","",IF(F8="","La facture a été reçue et est en attente de création du PR.",IF(H8="","Le PR a été renseigné ; facture non payée, en attente du bon de commande (PO).",IF(J8="","Le PO a été renseigné ; facture non payée, en attente du bon de réception (GRN).",IF(L8="","Le GRN a été renseigné ; facture comptabilisée et non payée.","Le paiement a été enregistré ; facture payée.")))))
L9: =IF(C9="","",IF(F9="","Facture reçue",IF(H9="","PR",IF(J9="","PO","Posted and unpaid")))) | M9: =IF(C9="","",IF(F9="","La facture a été reçue et est en attente de création du PR.",IF(H9="","Le PR a été renseigné ; en attente de création du bon de commande (PO).",IF(J9="","Le PO a été renseigné ; en attente du bon de réception (GRN).","Facture comptabilisée et non payée.")))) | N9: =IF(C9="","",IF(F9="","Facture reçue",IF(H9="","unpaid",IF(J9="","unpaid",IF(L9="","Posted and unpaid","paid"))))) | O9: =IF(C9="","",IF(F9="","La facture a été reçue et est en attente de création du PR.",IF(H9="","Le PR a été renseigné ; facture non payée, en attente du bon de commande (PO).",IF(J9="","Le PO a été renseigné ; facture non payée, en attente du bon de réception (GRN).",IF(L9="","Le GRN a été renseigné ; facture comptabilisée et non payée.","Le paiement a été enregistré ; facture payée.")))))
L10: =IF(C10="","",IF(F10="","Facture reçue",IF(H10="","PR",IF(J10="","PO","Posted and unpaid")))) | M10: =IF(C10="","",IF(F10="","La facture a été reçue et est en attente de création du PR.",IF(H10="","Le PR a été renseigné ; en attente de création du bon de commande (PO).",IF(J10="","Le PO a été renseigné ; en attente du bon de réception (GRN).","Facture comptabilisée et non payée.")))) | N10: =IF(C10="","",IF(F10="","Facture reçue",IF(H10="","unpaid",IF(J10="","unpaid",IF(L10="","Posted and unpaid","paid"))))) | O10: =IF(C10="","",IF(F10="","La facture a été reçue et est en attente de création du PR.",IF(H10="","Le PR a été renseigné ; facture non payée, en attente du bon de commande (PO).",IF(J10="","Le PO a été renseigné ; facture non payée, en attente du bon de réception (GRN).",IF(L10="","Le GRN a été renseigné ; facture comptabilisée et non payée.","Le paiement a été enregistré ; facture payée.")))))
L11: =IF(C11="","",IF(F11="","Facture reçue",IF(H11="","PR",IF(J11="","PO","Posted and unpaid")))) | M11: =IF(C11="","",IF(F11="","La facture a été reçue et est en attente de création du PR.",IF(H11="","Le PR a été renseigné ; en attente de création du bon de commande (PO).",IF(J11="","Le PO a été renseigné ; en attente du bon de réception (GRN).","Facture comptabilisée et non payée.")))) | N11: =IF(C11="","",IF(F11="","Facture reçue",IF(H11="","unpaid",IF(J11="","unpaid",IF(L11="","Posted and unpaid","paid"))))) | O11: =IF(C11="","",IF(F11="","La facture a été reçue et est en attente de création du PR.",IF(H11="","Le PR a été renseigné ; facture non payée, en attente du bon de commande (PO).",IF(J11="","Le PO a été renseigné ; facture non payée, en attente du bon de réception (GRN).",IF(L11="","Le GRN a été renseigné ; facture comptabilisée et non payée.","Le paiement a été enregistré ; facture payée.")))))
L12: =IF(C12="","",IF(F12="","Facture reçue",IF(H12="","PR",IF(J12="","PO","Posted and unpaid")))) | M12: =IF(C12="","",IF(F12="","La facture a été reçue et est en attente de création du PR.",IF(H12="","Le PR a été renseigné ; en attente de création du bon de commande (PO).",IF(J12="","Le PO a été renseigné ; en attente du bon de réception (GRN).","Facture comptabilisée et non payée.")))) | N12: =IF(C12="","",IF(F12="","Facture reçue",IF(H12="","unpaid",IF(J12="","unpaid",IF(L12="","Posted and unpaid","paid"))))) | O12: =IF(C12="","",IF(F12="","La facture a été reçue et est en attente de création du PR.",IF(H12="","Le PR a été renseigné ; facture non payée, en attente du bon de commande (PO).",IF(J12="","Le PO a été renseigné ; facture non payée, en attente du bon de réception (GRN).",IF(L12="","Le GRN a été renseigné ; facture comptabilisée et non payée.","Le paiement a été enregistré ; facture payée.")))))
L13: =IF(C13="","",IF(F13="","Facture reçue",IF(H13="","PR",IF(J13="","PO","Posted and unpaid")))) | M13: =IF(C13="","",IF(F13="","La facture a été reçue et est en attente de création du PR.",IF(H13="","Le PR a été renseigné ; en attente de création du bon de commande (PO).",IF(J13="","Le PO a été renseigné ; en attente du bon de réception (GRN).","Facture comptabilisée et non payée.")))) | N13: =IF(C13="","",IF(F13="","Facture reçue",IF(H13="","unpaid",IF(J13="","unpaid",IF(L13="","Posted and unpaid","paid"))))) | O13: =IF(C13="","",IF(F13="","La facture a été reçue et est en attente de création du PR.",IF(H13="","Le PR a été renseigné ; facture non payée, en attente du bon de commande (PO).",IF(J13="","Le PO a été renseigné ; facture non payée, en attente du bon de réception (GRN).",IF(L13="","Le GRN a été renseigné ; facture comptabilisée et non payée.","Le paiement a été enregistré ; facture payée.")))))
L14: =IF(C14="","",IF(F14="","Facture reçue",IF(H14="","PR",IF(J14="","PO","Posted and unpaid")))) | M14: =IF(C14="","",IF(F14="","La facture a été reçue et est en attente de création du PR.",IF(H14="","Le PR a été renseigné ; en attente de création du bon de commande (PO).",IF(J14="","Le PO a été renseigné ; en attente du bon de réception (GRN).","Facture comptabilisée et non payée.")))) | N14: =IF(C14="","",IF(F14="","Facture reçue",IF(H14="","unpaid",IF(J14="","unpaid",IF(L14="","Posted and unpaid","paid"))))) | O14: =IF(C14="","",IF(F14="","La facture a été reçue et est en attente de création du PR.",IF(H14="","Le PR a été renseigné ; facture non payée, en attente du bon de commande (PO).",IF(J14="","Le PO a été renseigné ; facture non payée, en attente du bon de réception (GRN).",IF(L14="","Le GRN a été renseigné ; facture comptabilisée et non payée.","Le paiement a été enregistré ; facture payée.")))))
... L502: =IF(C502="","",IF(F502="","Facture reçue",IF(H502="","PR",IF(J502="","PO","Posted and unpaid")))) | M502: =IF(C502="","",IF(F502="","La facture a été reçue et est en attente de création du PR.",IF(H502="","Le PR a été renseigné ; en attente de création du bon de commande (PO).",IF(J502="","Le PO a été renseigné ; en attente du bon de réception (GRN).","Facture comptabilisée et non payée.")))) | N502: =IF(C502="","",IF(F502="","Facture reçue",IF(H502="","unpaid",IF(J502="","unpaid",IF(L502="","Posted and unpaid","paid"))))) | O502: =IF(C502="","",IF(F502="","La facture a été reçue et est en attente de création du PR.",IF(H502="","Le PR a été renseigné ; facture non payée, en attente du bon de commande (PO).",IF(J502="","Le PO a été renseigné ; facture non payée, en attente du bon de réception (GRN).",IF(L502="","Le GRN a été renseigné ; facture comptabilisée et non payée.","Le paiement a été enregistré ; facture payée.")))))

Sheet Guide
A1: Guide — gestion Excel du suivi factures
A3: Pipeline | B3: Facture reçue → unpaid (PR/PO) → Posted and unpaid (GRN) → paid (payment)
A4: Règle PR | B4: 1 PR peut regrouper plusieurs factures
A5: Règle PO | B5: 1 PO peut regrouper plusieurs PR
A6: Règle GRN | B6: 1 GRN est lié à un seul PO
A7: Saisie | B7: DATE, SOCIETE, FACTURE, MONTANT, ECHEANCE, PR, DATE PR, P.O, DATE PO, GRN, DATE GRN, payment, DATE PYM
A8: Calculé | B8: STATUT et COMMENTAIRE (ne pas écraser)
A9: Statuts | B9: unpaid = PR ou PO renseigné ; Posted and unpaid = GRN ; paid = payment
