Workbook

Sheet RESUME
A1: DASHBOARD
A3: Total beneficiaires
A4: =COUNTIF(DEPENDANTS!$D$3:$D$725,"<>")
F5: Par Statut | I5: Par Sexe | L5: Localisation x Statut | P5: Par Tranche age
F6: Statut | G6: Effectif | I6: Sexe | J6: Effectif | L6: Localisation | M6: Employe(e) | N6: Enfant | P6: Tranche | Q6: Effectif | S6: Site | T6: Effectif | U6: KPI | V6: Valeur
F7: Enfant | G7: =COUNTIF(DEPENDANTS!$D$3:$D$725,"Enfant") | I7: M | J7: =COUNTIF(DEPENDANTS!$E$3:$E$725,"M") | L7: Kinshasa | M7: =COUNTIFS(DEPENDANTS!$G$3:$G$725,"Kinshasa",DEPENDANTS!$D$3:$D$725,"*Employ*") | N7: =COUNTIFS(DEPENDANTS!$G$3:$G$725,"Kinshasa",DEPENDANTS!$D$3:$D$725,"Enfant") | P7: 0-2 ans | Q7: =COUNTIFS(DEPENDANTS!$I$3:$I$725,">=0",DEPENDANTS!$I$3:$I$725,"<=2") | S7: Kinshasa | T7: =V11 | U7: Total beneficiaires | V7: =COUNTIF(DEPENDANTS!$D$3:$D$725,"<>")
A8: Employes | B8: =U9 | D8: =U10 | F8: Employe(e) | G8: =COUNTIF(DEPENDANTS!$D$3:$D$725,"*Employ*") | I8: F | J8: =COUNTIF(DEPENDANTS!$E$3:$E$725,"F") | L8: Zamba | M8: =COUNTIFS(DEPENDANTS!$G$3:$G$725,"Zamba",DEPENDANTS!$D$3:$D$725,"*Employ*") | N8: =COUNTIFS(DEPENDANTS!$G$3:$G$725,"Zamba",DEPENDANTS!$D$3:$D$725,"Enfant") | P8: 3-12 ans | Q8: =COUNTIFS(DEPENDANTS!$I$3:$I$725,">=3",DEPENDANTS!$I$3:$I$725,"<=12") | S8: Zamba | T8: =V12 | U8: Employes
A9: =COUNTIF(DEPENDANTS!$D$3:$D$725,"*Employ*") | B9: =COUNTIF(DEPENDANTS!$D$3:$D$725,"*Conjoint*") | D9: =COUNTIF(DEPENDANTS!$D$3:$D$725,"Enfant") | F9: Conjoint(e) | G9: =COUNTIF(DEPENDANTS!$D$3:$D$725,"*Conjoint*") | L9: Lubudi | M9: =COUNTIFS(DEPENDANTS!$G$3:$G$725,"Lubudi",DEPENDANTS!$D$3:$D$725,"*Employ*") | N9: =COUNTIFS(DEPENDANTS!$G$3:$G$725,"Lubudi",DEPENDANTS!$D$3:$D$725,"Enfant") | P9: 13-15 ans | Q9: =COUNTIFS(DEPENDANTS!$I$3:$I$725,">=13",DEPENDANTS!$I$3:$I$725,"<=15") | S9: lubudi | T9: =V16 | U9: Conjoints
A10: Par site | P10: 16-19 ans | Q10: =COUNTIFS(DEPENDANTS!$I$3:$I$725,">=16",DEPENDANTS!$I$3:$I$725,"<=19") | U10: Enfants
A11: Total | B11: Kinshasa | C11: Lubudi | D11: Zamba | P11: 20-25 ans | Q11: =COUNTIFS(DEPENDANTS!$I$3:$I$725,">=20",DEPENDANTS!$I$3:$I$725,"<=25") | U11: Kinshasa | V11: =COUNTIF(DEPENDANTS!$G$3:$G$725,"Kinshasa")
A12: =SUM(B12:D12) | B12: =COUNTIF(DEPENDANTS!$G$3:$G$725,"Kinshasa") | C12: =COUNTIF(DEPENDANTS!$G$3:$G$725,"Lubudi") | D12: =COUNTIF(DEPENDANTS!$G$3:$G$725,"Zamba") | P12: 26 ans et + | Q12: =COUNTIF(DEPENDANTS!$I$3:$I$725,">=26") | U12: Zamba | V12: =COUNTIF(DEPENDANTS!$G$3:$G$725,"Zamba")
U13: Beneficiaires avec matricule | V13: =COUNTIF(DEPENDANTS!$B$3:$B$725,"<>")
U14: Employes avec matricule
A15: Employés avec matricule | U15: Moyenne enfants par employe
A16: =COUNTIFS(DEPENDANTS!$D$3:$D$725,"*Employ*",DEPENDANTS!$B$3:$B$725,"<>") | U16: lubudi | V16: =COUNTIF(DEPENDANTS!$G$3:$G$725,"lubudi")
A17: Moyenne enfants par employé
A18: =AVERAGEIF(DEPENDANTS!$D$3:$D$725,"*Employ*",DEPENDANTS!$K$3:$K$725)
A19: Employés avec famille
A20: =COUNTIFS(DEPENDANTS!$D$3:$D$725,"*Employ*",DEPENDANTS!$L$3:$L$725,">=2")
A21: Employés seuls
A22: =COUNTIFS(DEPENDANTS!$D$3:$D$725,"*Employ*",DEPENDANTS!$L$3:$L$725,"1")
A24: =A19 | B24: =A21
A25: =A20 | B25: =A22
A26: Localisation × statut
A27: Site | B27: Emp. | C27: Conj. | D27: Enf. | E27: Total
A28: Zamba | B28: =COUNTIFS(DEPENDANTS!$G$3:$G$725,"Zamba",DEPENDANTS!$D$3:$D$725,"*Employ*") | C28: =COUNTIFS(DEPENDANTS!$G$3:$G$725,"Zamba",DEPENDANTS!$D$3:$D$725,"*Conjoint*") | D28: =COUNTIFS(DEPENDANTS!$G$3:$G$725,"Zamba",DEPENDANTS!$D$3:$D$725,"Enfant") | E28: =SUM(B28:D28)
A29: Kinshasa | B29: =COUNTIFS(DEPENDANTS!$G$3:$G$725,"Kinshasa",DEPENDANTS!$D$3:$D$725,"*Employ*") | C29: =COUNTIFS(DEPENDANTS!$G$3:$G$725,"Kinshasa",DEPENDANTS!$D$3:$D$725,"*Conjoint*") | D29: =COUNTIFS(DEPENDANTS!$G$3:$G$725,"Kinshasa",DEPENDANTS!$D$3:$D$725,"Enfant") | E29: =SUM(B29:D29)
A30: Lubudi | B30: =COUNTIFS(DEPENDANTS!$G$3:$G$725,"Lubudi",DEPENDANTS!$D$3:$D$725,"*Employ*") | C30: =COUNTIFS(DEPENDANTS!$G$3:$G$725,"Lubudi",DEPENDANTS!$D$3:$D$725,"*Conjoint*") | D30: =COUNTIFS(DEPENDANTS!$G$3:$G$725,"Lubudi",DEPENDANTS!$D$3:$D$725,"Enfant") | E30: =SUM(B30:D30)
A31: TOTAL | B31: =SUM(B28:B30) | C31: =SUM(C28:C30) | D31: =SUM(D28:D30) | E31: =SUM(E28:E30)
A33: Mineurs et majeurs par site
A34: Site | B34: Min | C34: Maj | D34: Total
A35: Zamba | B35: =COUNTIFS(DEPENDANTS!$G$3:$G$725,"Zamba",DEPENDANTS!$I$3:$I$725,"<=17") | C35: =COUNTIF(DEPENDANTS!$G$3:$G$725,"Zamba")-B35 | D35: =SUM(B35:C35)
A36: Kinshasa | B36: =COUNTIFS(DEPENDANTS!$G$3:$G$725,"Kinshasa",DEPENDANTS!$I$3:$I$725,"<=17") | C36: =COUNTIF(DEPENDANTS!$G$3:$G$725,"Kinshasa")-B36 | D36: =SUM(B36:C36)
A37: Lubudi | B37: =COUNTIFS(DEPENDANTS!$G$3:$G$725,"Lubudi",DEPENDANTS!$I$3:$I$725,"<=17") | C37: =COUNTIF(DEPENDANTS!$G$3:$G$725,"Lubudi")-B37 | D37: =SUM(B37:C37)
A38: TOTAL | B38: =SUM(B35:B37) | C38: =SUM(C35:C37) | D38: =SUM(D35:D37)

Sheet DEPENDANTS
A1: PPC BARNET DRC-PRISE EN CHARGE MEDICALE | L1: Total | M1: 705
A2: N° | B2: Matricule | C2: N° Pactilis | D2: Statut | E2: Sexe | F2: Nom et Prénoms | G2: Localisation | H2: Date de naissance | I2: Age | J2: Composition de la famille | K2: Enfants | L2: Total | M2: Commentaires | N2: Lien document | O2: Numero Villa | P2: Type de maison
A3: 1 | B3: 70000265 | C3: 108112 | D3: Employé | E3: F | F3: EWULI SUKA Carine | G3: Kinshasa | H3: 30022 | I3: =DATEDIF(H3,TODAY(),"Y") | J3: 1 | K3: 2 | L3: 4
A4: 2 | B4: 70000265 | C4: 162600 | D4: Conjoint | E4: M | F4: MPEZO MATONDO JEAN CYRIL | G4: Kinshasa | H4: 26225 | I4: =DATEDIF(H4,TODAY(),"Y")
A5: 3 | B5: 70000265 | C5: 162601 | D5: Enfant | E5: M | F5: MPEZO EWULI DONEL | G5: Kinshasa | H5: 40593 | I5: =DATEDIF(H5,TODAY(),"Y")
A6: 4 | B6: 70000265 | C6: 162602 | D6: Enfant | E6: F | F6: MPEZO BUTELEZI YOELLE ELISA | G6: Kinshasa | H6: 41303 | I6: =DATEDIF(H6,TODAY(),"Y")
A7: 5 | B7: 70000240 | C7: 155437 | D7: Employé | E7: M | F7: MAYUMBU NZINDU NELSON | G7: Zamba | H7: 34545 | I7: =DATEDIF(H7,TODAY(),"Y") | J7: 0 | K7: 0 | L7: 1
A8: 6 | B8: 70000295 | C8: 163787 | D8: Employé | E8: F | F8: KINKINIA DIAVEZUKA PELAGIE | G8: Zamba | H8: 27986 | I8: =DATEDIF(H8,TODAY(),"Y") | J8: 1 | K8: 4 | L8: 6
A9: 7 | B9: 70000295 | C9: 163789 | D9: Enfant | E9: F | F9: NSOMPETI BELUNDJA LOYCE | G9: Zamba | H9: 37796 | I9: =DATEDIF(H9,TODAY(),"Y")
A10: 8 | B10: 70000295 | C10: 163790 | D10: Enfant | E10: F | F10: SOMPETI KUTU Médina | G10: Zamba | H10: 38460 | I10: =DATEDIF(H10,TODAY(),"Y")
A11: 9 | B11: 70000295 | C11: 163791 | D11: Enfant | E11: M | F11: NSOMPETI SULUTANI-IBHA JOSEPH | G11: Zamba | H11: 39245 | I11: =DATEDIF(H11,TODAY(),"Y")
A12: 10 | B12: 70000295 | C12: 163792 | D12: Enfant | E12: F | F12: NSOMPETI KINKINIA Dove | G12: Zamba | H12: 40155 | I12: =DATEDIF(H12,TODAY(),"Y")
A13: 11 | B13: 70000295 | C13: 164637 | D13: Conjoint | E13: M | F13: NSOMPETI NGOLENKOLO Willy | G13: Zamba | H13: 24053 | I13: =DATEDIF(H13,TODAY(),"Y")
A14: 12 | B14: 70000112 | C14: 163936 | D14: Employé | E14: M | F14: ADHULE NYADRIA JOEL | G14: Zamba | H14: 30328 | I14: =DATEDIF(H14,TODAY(),"Y") | J14: 1 | K14: 5 | L14: 7
A15: 13 | B15: 70000112 | C15: 163937 | D15: Conjoint | E15: F | F15: KIZEKELE MBANGO JUDITH | G15: Zamba | H15: 32408 | I15: =DATEDIF(H15,TODAY(),"Y")
A16: 14 | B16: 70000112 | C16: 163938 | D16: Enfant | E16: F | F16: ADHULE DEZMIE shukurani | G16: Zamba | H16: 42157 | I16: =DATEDIF(H16,TODAY(),"Y")
A17: 15 | B17: 70000112 | C17: 163939 | D17: Enfant | E17: M | F17: SALEM ADHULE GENEVIEVE | G17: Zamba | H17: 42604 | I17: =DATEDIF(H17,TODAY(),"Y")
A18: 16 | B18: 70000112 | C18: 163940 | D18: Enfant | E18: M | F18: LEMA ADHULE david | G18: Zamba | H18: 44042 | I18: =DATEDIF(H18,TODAY(),"Y")
A19: 17 | B19: 70000112 | C19: 166049 | D19: Enfant | E19: M | F19: ADHULE JIREH FENI | G19: Zamba | H19: 44596 | I19: =DATEDIF(H19,TODAY(),"Y")
A20: 710 | B20: 70000112 | C20: 178129 | D20: Enfant | E20: M | F20: ADHULE KIZEKELE Nour | G20: Zamba | H20: 46190 | I20: =DATEDIF(H20,TODAY(),"Y") | N20: https://ppcafr.sharepoint.com/:b:/r/sites/knshr/HR%20ADMINISTRATION/ETAT%20DES%20INCORPORATIONS/2026/Etat_INCORPORATION_1_POLICE_1_0807.pdf?csf=1&amp;amp;amp;amp;amp;amp;amp;amp;amp;amp;amp;amp;amp;amp;amp;amp;amp;amp;amp;amp;amp;amp;amp;web=1&amp;amp;amp;amp;amp;amp;amp;amp;amp;amp;amp;amp;amp;amp;amp;amp;amp;amp;amp;amp;amp;amp;amp;e=Y0DLts
A21: 18 | B21: 70000023 | C21: 163951 | D21: Employé | E21: M | F21: BANGA BANGA APEA ONESIME | G21: Kinshasa | H21: 25208 | I21: =DATEDIF(H21,TODAY(),"Y") | J21: 1 | K21: 2 | L21: 4
A22: 19 | B22: 70000023 | C22: 163952 | D22: Conjoint | E22: F | F22: MAVULA CLEMENTINE | G22: Kinshasa | H22: 26155 | I22: =DATEDIF(H22,TODAY(),"Y")
A23: 20 | B23: 70000023 | C23: 163953 | D23: Enfant | E23: F | F23: BANGA NTUMBA META MILKANE | G23: Kinshasa | H23: 40539 | I23: =DATEDIF(H23,TODAY(),"Y")
A24: 21 | B24: 70000023 | C24: 163954 | D24: Enfant | E24: M | F24: BANGA BANGA PRINCE | G24: Kinshasa | H24: 42141 | I24: =DATEDIF(H24,TODAY(),"Y")
A25: 22 | B25: 70000019 | C25: 163955 | D25: Employé | E25: F | F25: BANGULI KIESSE SANDRINE | G25: Kinshasa | H25: 28799 | I25: =DATEDIF(H25,TODAY(),"Y") | J25: 1 | K25: 0 | L25: 2
A26: 23 | B26: 70000019 | C26: 163956 | D26: Conjoint | E26: M | F26: AMINA DADDY | G26: Kinshasa | H26: 26402 | I26: =DATEDIF(H26,TODAY(),"Y")
A27: 24 | B27: 70000078 | C27: 163957 | D27: Employé | E27: F | F27: BATEKISA MIABANGANA NICHA | G27: Kinshasa | H27: 35405 | I27: =DATEDIF(H27,TODAY(),"Y") | J27: 0 | K27: 0 | L27: 1
A28: 25 | B28: 70000069 | C28: 163958 | D28: Employé | E28: M | F28: BAVIBIDILA MUNTANA GERVAIS | G28: Zamba | H28: 27917 | I28: =DATEDIF(H28,TODAY(),"Y") | J28: 1 | K28: 2 | L28: 4
A29: 26 | B29: 70000069 | C29: 163959 | D29: Enfant | E29: F | F29: DIAKIESE BATOMA LOICE | G29: Zamba | H29: 43293 | I29: =DATEDIF(H29,TODAY(),"Y")
A30: 27 | B30: 70000069 | C30: 167049 | D30: Conjoint | E30: F | F30: BATOMA BASISILA BIBICHE | G30: Zamba | H30: 31924 | I30: =DATEDIF(H30,TODAY(),"Y")
A31: 28 | B31: 70000069 | C31: 167741 | D31: Enfant | E31: F | F31: LUKELO BATOMA SPLENDEUR | G31: Zamba | H31: 44883 | I31: =DATEDIF(H31,TODAY(),"Y")
A32: 29 | B32: 70000052 | C32: 163960 | D32: Employé | E32: M | F32: BAYISA SIMON DIDIER | G32: Zamba | H32: 29768 | I32: =DATEDIF(H32,TODAY(),"Y") | J32: 1 | K32: 5 | L32: 7
A33: 30 | B33: 70000052 | C33: 163961 | D33: Conjoint | E33: F | F33: DIAZUNDA DIAZOLA | G33: Zamba | H33: 32609 | I33: =DATEDIF(H33,TODAY(),"Y")
A34: 31 | B34: 70000052 | C34: 163962 | D34: Enfant | E34: M | F34: MALUNGU BAYISA MERCENE | G34: Zamba | H34: 39183 | I34: =DATEDIF(H34,TODAY(),"Y")
A35: 32 | B35: 70000052 | C35: 163963 | D35: Enfant | E35: M | F35: BAYISA FUABADIDI RANDY | G35: Zamba | H35: 42160 | I35: =DATEDIF(H35,TODAY(),"Y")
A36: 33 | B36: 70000052 | C36: 163964 | D36: Enfant | E36: M | F36: DISU BAYISA BRANDY | G36: Zamba | H36: 42771 | I36: =DATEDIF(H36,TODAY(),"Y")
A37: 34 | B37: 70000052 | C37: 163965 | D37: Enfant | E37: F | F37: BAYISA MAKIESE BLESSING | G37: Zamba | H37: 43855 | I37: =DATEDIF(H37,TODAY(),"Y")
A38: 35 | B38: 70000052 | C38: 173119 | D38: Enfant | E38: M | F38: MIAMBANZILA BAYISA BRAYAN | G38: Zamba | H38: 45743 | I38: =DATEDIF(H38,TODAY(),"Y")
A39: 36 | B39: 70000179 | C39: 163967 | D39: Employé | E39: F | F39: BIGANIRO NDAMUSO NELLY | G39: Kinshasa | H39: 31542 | I39: =DATEDIF(H39,TODAY(),"Y") | J39: 0 | K39: 0 | L39: 1
A40: 37 | B40: 70000045 | C40: 163968 | D40: Employé | E40: F | F40: BILONDA KAZADI DIANE | G40: Kinshasa | H40: 32197 | I40: =DATEDIF(H40,TODAY(),"Y") | J40: 1 | K40: 0 | L40: 2
A41: 38 | B41: 70000045 | C41: 163969 | D41: Conjoint | E41: M | F41: KABUYI MUKUNA TRESOR | G41: Kinshasa | H41: 31981 | I41: =DATEDIF(H41,TODAY(),"Y")
A42: 39 | B42: 70000186 | C42: 163970 | D42: Employé | E42: F | F42: BINTU SAFI BARBARA | G42: Kinshasa | H42: 32273 | I42: =DATEDIF(H42,TODAY(),"Y") | J42: 0 | K42: 0 | L42: 1
A43: 40 | B43: 70000070 | C43: 163971 | D43: Employé | E43: M | F43: BITUTU NDUNGU EDER | G43: Zamba | H43: 31105 | I43: =DATEDIF(H43,TODAY(),"Y") | J43: 1 | K43: 5 | L43: 7
A44: 41 | B44: 70000070 | C44: 163972 | D44: Enfant | E44: F | F44: BITUTU JACQUES PREMIER | G44: Zamba | H44: 41336 | I44: =DATEDIF(H44,TODAY(),"Y")
A45: 42 | B45: 70000070 | C45: 163973 | D45: Enfant | E45: M | F45: BITUTU WANGANA MESSIS | G45: Zamba | H45: 42388 | I45: =DATEDIF(H45,TODAY(),"Y")
A46: 43 | B46: 70000070 | C46: 163974 | D46: Enfant | E46: F | F46: BITUTU MALATA SORHAYA | G46: Zamba | H46: 43192 | I46: =DATEDIF(H46,TODAY(),"Y")
A47: 44 | B47: 70000070 | C47: 167152 | D47: Enfant | E47: F | F47: BITUTU KIANGANI GLORIA | G47: Zamba | H47: 41714 | I47: =DATEDIF(H47,TODAY(),"Y")
A48: 45 | B48: 70000070 | C48: 167515 | D48: Conjoint | E48: F | F48: KAMONOKO DIANTOMI Magali | G48: Zamba | H48: 35206 | I48: =DATEDIF(H48,TODAY(),"Y")
A49: 46 | B49: 70000070 | C49: 169243 | D49: Enfant | E49: M | F49: BITUTU NSIMBA Mysterdi | G49: Zamba | H49: 45099 | I49: =DATEDIF(H49,TODAY(),"Y")
A50: 47 | B50: 70000215 | C50: 163975 | D50: Employé | E50: M | F50: BINDAMA KAMOSIKO ALPHONSE | G50: Zamba | H50: 25275 | I50: =DATEDIF(H50,TODAY(),"Y") | J50: 1 | K50: 6 | L50: 8
A51: 48 | B51: 70000215 | C51: 163976 | D51: Conjoint | E51: F | F51: MISAMU KUSEMBO ANTOINETTE | G51: Zamba | H51: 27452 | I51: =DATEDIF(H51,TODAY(),"Y")
A52: 49 | B52: 70000215 | C52: 163977 | D52: Enfant | E52: F | F52: LUKUNGA BINDAMA BARTH | G52: Zamba | H52: 38340 | I52: =DATEDIF(H52,TODAY(),"Y")
A53: 50 | B53: 70000215 | C53: 163978 | D53: Enfant | E53: F | F53: LUNTADILA BINDAMA JACQUELINE | G53: Zamba | H53: 39544 | I53: =DATEDIF(H53,TODAY(),"Y")
A54: 51 | B54: 70000215 | C54: 163979 | D54: Enfant | E54: F | F54: DIASONAMA BINDAMA JUVENAL | G54: Zamba | H54: 41307 | I54: =DATEDIF(H54,TODAY(),"Y")
A55: 52 | B55: 70000215 | C55: 164813 | D55: Enfant | E55: F | F55: TUTONDELE BINDAMA ANNELIE | G55: Zamba | H55: 38315 | I55: =DATEDIF(H55,TODAY(),"Y")
A56: 53 | B56: 70000215 | C56: 164814 | D56: Enfant | E56: M | F56: LUKEBA BINDAMA KAMOSIKO GARVANI | G56: Zamba | H56: 36688 | I56: =DATEDIF(H56,TODAY(),"Y")
A57: 54 | B57: 70000215 | C57: 164815 | D57: Enfant | E57: M | F57: KUANZAMBI BINDAMA EXAUCE | G57: Zamba | H57: 37496 | I57: =DATEDIF(H57,TODAY(),"Y")
A58: 55 | B58: 70000205 | C58: 163983 | D58: Employé | E58: M | F58: BOMPETA MPINGO ERICK | G58: Zamba | H58: 33390 | I58: =DATEDIF(H58,TODAY(),"Y") | J58: 1 | K58: 0 | L58: 2
A59: 56 | B59: 70000205 | C59: 177825 | D59: Conjoint | E59: F | F59: MATSUELA TSAMBU Celeste | G59: Zamba | H59: 34168 | I59: =DATEDIF(H59,TODAY(),"Y")
A60: 57 | B60: 70000051 | C60: 163990 | D60: Employé | E60: F | F60: DIAKIESE LUTUTALA GRACE | G60: Kinshasa | H60: 34355 | I60: =DATEDIF(H60,TODAY(),"Y") | J60: 1 | K60: 4 | L60: 6
A61: 58 | B61: 70000051 | C61: 166966 | D61: Conjoint | E61: M | F61: BONKAW LEMBWEN RICHARD | G61: Kinshasa | H61: 29301 | I61: =DATEDIF(H61,TODAY(),"Y")
A62: 59 | B62: 70000051 | C62: 166967 | D62: Enfant | E62: F | F62: MONKA MESONKOSO NEFERTITI | G62: Kinshasa | H62: 40873 | I62: =DATEDIF(H62,TODAY(),"Y")
A63: 60 | B63: 70000051 | C63: 166968 | D63: Enfant | E63: M | F63: NGANZEM UDJUVAMBILI ALBERTO GIOVANNI | G63: Kinshasa | H63: 41422 | I63: =DATEDIF(H63,TODAY(),"Y")
A64: 61 | B64: 70000051 | C64: 170334 | D64: Enfant | E64: F | F64: BONKAW MOSSIMBA ANGE AZARIAH | G64: Kinshasa | H64: 45084 | I64: =DATEDIF(H64,TODAY(),"Y")
A65: 62 | B65: 70000051 | C65: 175723 | D65: Enfant | E65: M | F65: BONKAW LEBIKI HILAIRE CLAUDE | G65: Kinshasa | H65: 45806 | I65: =DATEDIF(H65,TODAY(),"Y")
A66: 63 | B66: 70000099 | C66: 163995 | D66: Employé | E66: M | F66: DIMENENE LUZAYADIO PAMPHIL | G66: Zamba | H66: 26447 | I66: =DATEDIF(H66,TODAY(),"Y") | J66: 1 | K66: 4 | L66: 6
A67: 64 | B67: 70000099 | C67: 163996 | D67: Conjoint | E67: F | F67: MUIMPE-TSHIANANGA Tressy | G67: Zamba | H67: 31911 | I67: =DATEDIF(H67,TODAY(),"Y")
A68: 65 | B68: 70000099 | C68: 163997 | D68: Enfant | E68: F | F68: LUZAYADIO DIAVEWA EMMANUELLA | G68: Zamba | H68: 43248 | I68: =DATEDIF(H68,TODAY(),"Y")
A69: 66 | B69: 70000099 | C69: 163998 | D69: Enfant | E69: F | F69: DIZAYAKENE LUZAYADIO CHRISTIANA | G69: Zamba | H69: 39539 | I69: =DATEDIF(H69,TODAY(),"Y")
A70: 67 | B70: 70000099 | C70: 163999 | D70: Enfant | E70: F | F70: DIMENENE LUZAYADIO PRÉFERÉE | G70: Zamba | H70: 44274 | I70: =DATEDIF(H70,TODAY(),"Y")
A71: 68 | B71: 70000099 | C71: 165680 | D71: Enfant | E71: F | F71: LUZAYADIO IMMACULE | G71: Zamba | H71: 40370 | I71: =DATEDIF(H71,TODAY(),"Y")
A72: 69 | B72: 70000079 | C72: 164000 | D72: Employé | E72: M | F72: DINANDI MVUMBI PHILIPPE | G72: Zamba | H72: 28178 | I72: =DATEDIF(H72,TODAY(),"Y") | J72: 1 | K72: 4 | L72: 6
A73: 70 | B73: 70000079 | C73: 164001 | D73: Conjoint | E73: F | F73: BENDITA MATONDO JUDELLE | G73: Zamba | H73: 29138 | I73: =DATEDIF(H73,TODAY(),"Y")
A74: 71 | B74: 70000079 | C74: 164002 | D74: Enfant | E74: F | F74: NGOMA DINANDI CLUVERT | G74: Zamba | H74: 38292 | I74: =DATEDIF(H74,TODAY(),"Y")
A75: 72 | B75: 70000079 | C75: 164003 | D75: Enfant | E75: F | F75: MBUNGU DINANDI WINNER | G75: Zamba | H75: 40481 | I75: =DATEDIF(H75,TODAY(),"Y")
A76: 73 | B76: 70000079 | C76: 164004 | D76: Enfant | E76: M | F76: KHONDE DINANDI MESSI | G76: Zamba | H76: 41106 | I76: =DATEDIF(H76,TODAY(),"Y")
A77: 74 | B77: 70000079 | C77: 164005 | D77: Enfant | E77: F | F77: LELO DINANDI CHANTY | G77: Zamba | H77: 42130 | I77: =DATEDIF(H77,TODAY(),"Y")
A78: 75 | B78: 70000068 | C78: 164012 | D78: Employé | E78: M | F78: DUNGA KUEKUBATU PLATINI | G78: Zamba | H78: 32582 | I78: =DATEDIF(H78,TODAY(),"Y") | J78: 1 | K78: 3 | L78: 5
A79: 76 | B79: 70000068 | C79: 164013 | D79: Conjoint | E79: F | F79: NZUZI WANDALAMA BERTH | G79: Zamba | H79: 34594 | I79: =DATEDIF(H79,TODAY(),"Y")
A80: 77 | B80: 70000068 | C80: 164014 | D80: Enfant | E80: F | F80: LUZINGU DUNGA TRESSIE | G80: Zamba | H80: 41779 | I80: =DATEDIF(H80,TODAY(),"Y")
A81: 78 | B81: 70000068 | C81: 164015 | D81: Enfant | E81: F | F81: BOYOO DUNGA NATHANAEL | G81: Zamba | H81: 44532 | I81: =DATEDIF(H81,TODAY(),"Y")
A82: 79 | B82: 70000068 | C82: 171168 | D82: Enfant | E82: M | F82: MAYELE DUNGA DARIUS | G82: Zamba | H82: 45360 | I82: =DATEDIF(H82,TODAY(),"Y")
A83: 80 | B83: 70000085 | C83: 164019 | D83: Employé | E83: M | F83: EKWALANGA MONGALIKITA BONIFACE | G83: Kinshasa | H83: 32706 | I83: =DATEDIF(H83,TODAY(),"Y") | J83: 1 | K83: 3 | L83: 5
A84: 81 | B84: 70000085 | C84: 164020 | D84: Conjoint | E84: F | F84: BATUMIKE NANINJA RACHEL | G84: Kinshasa | H84: 34931 | I84: =DATEDIF(H84,TODAY(),"Y")
A85: 82 | B85: 70000085 | C85: 164021 | D85: Enfant | E85: F | F85: EKWALANGA BAHOLE YANIS | G85: Kinshasa | H85: 43980 | I85: =DATEDIF(H85,TODAY(),"Y")
A86: 83 | B86: 70000085 | C86: 164615 | D86: Enfant | E86: M | F86: EKWALANGA AGBOTE YOLAN EMMANUEL | G86: Kinshasa | H86: 44560 | I86: =DATEDIF(H86,TODAY(),"Y")
A87: 84 | B87: 70000085 | C87: 167890 | D87: Enfant | E87: F | F87: EKWALANGA NYANWEZI YENIA-MARIE | G87: Kinshasa | H87: 44948 | I87: =DATEDIF(H87,TODAY(),"Y")
A88: 85 | B88: 70000203 | C88: 164022 | D88: Employé | E88: M | F88: ODIPO WERE Edgard | G88: Kinshasa | H88: 29891 | I88: =DATEDIF(H88,TODAY(),"Y") | J88: 1 | K88: 2 | L88: 4
A89: 86 | B89: 70000203 | C89: 164023 | D89: Conjoint | E89: F | F89: KAMENE MALUKI Stella | G89: Kinshasa | H89: 30426 | I89: =DATEDIF(H89,TODAY(),"Y")
A90: 87 | B90: 70000203 | C90: 164024 | D90: Enfant | E90: M | F90: ODIPO AYIEKO KEZA | G90: Kinshasa | H90: 40736 | I90: =DATEDIF(H90,TODAY(),"Y")
A91: 88 | B91: 70000203 | C91: 164025 | D91: Enfant | E91: M | F91: ODIPO MUUO KORI | G91: Kinshasa | H91: 41377 | I91: =DATEDIF(H91,TODAY(),"Y")
A92: 89 | B92: 70000082 | C92: 164026 | D92: Employé | E92: M | F92: FINKIDI MAYETO EDGARD | G92: Zamba | H92: 30794 | I92: =DATEDIF(H92,TODAY(),"Y") | J92: 1 | K92: 5 | L92: 7
A93: 90 | B93: 70000082 | C93: 164027 | D93: Conjoint | E93: F | F93: NSONA MARIE REBECCA | G93: Zamba | H93: 36289 | I93: =DATEDIF(H93,TODAY(),"Y")
A94: 91 | B94: 70000082 | C94: 164028 | D94: Enfant | E94: F | F94: NGALULA MAYETO PLAMEDI | G94: Zamba | H94: 39000 | I94: =DATEDIF(H94,TODAY(),"Y")
A95: 92 | B95: 70000082 | C95: 164029 | D95: Enfant | E95: F | F95: MAYETO NSONA BELIEVE | G95: Zamba | H95: 43911 | I95: =DATEDIF(H95,TODAY(),"Y")
A96: 93 | B96: 70000082 | C96: 164030 | D96: Enfant | E96: M | F96: MAYETO NSONA ALIVE | G96: Zamba | H96: 43911 | I96: =DATEDIF(H96,TODAY(),"Y")
A97: 94 | B97: 70000082 | C97: 164816 | D97: Enfant | E97: F | F97: WILL GOD MAYETO BALMBO NELIA | G97: Zamba | H97: 44541 | I97: =DATEDIF(H97,TODAY(),"Y")
A98: 95 | B98: 70000082 | C98: 171656 | D98: Enfant | E98: F | F98: MUBIAU MUYETI COUGRANA | G98: Zamba | H98: 45482 | I98: =DATEDIF(H98,TODAY(),"Y")
A99: 96 | B99: 70000040 | C99: 164034 | D99: Employé | E99: M | F99: ILONDO LIKOMBA Jack Lethycien | G99: Zamba | H99: 31855 | I99: =DATEDIF(H99,TODAY(),"Y") | J99: 1 | K99: 4 | L99: 6
A100: 97 | B100: 70000040 | C100: 164035 | D100: Conjoint | E100: F | F100: BOLEKI INONGA Pierrette | G100: Zamba | H100: 35011 | I100: =DATEDIF(H100,TODAY(),"Y")
...
