Workbook

Sheet Sheet1
A4: PAIE PPC AOUT 2026
BA5: 1.3 | BB5: 1.6 | BC5: 2 | BD5: 0.1 | BE5: 0.25
G6: CLASSE | I6: BASE | K6: JOURS PRESTES | N6: JOURS FERIES | Q6: JOURS CONGES | T6: JOURS MALADIES | W6: INDEMNITES | AA6: MONT HEURES SUPP | AB6: Brut Impos | AC6: Sal Impos | AD6: DEDUCTIONS EMPLOYEE | AH6: Net à Payer | AI6: DEDUCTION PATRONALE | AN6: Gross Salary | AO6: M.B | AP6: Provision PPE | AQ6: Prov. S. Méd. | AR6: TVA | AS6: Total Gén
A7: MATR | B7: NOMS | C7: FONCTIONS | D7: NUMERO CNSS | E7: NUMERO DE COMPTE | F7: BANQUE | K7: Jrs | L7: Tx/Jr | M7: Base | N7: Jrs | O7: Tx/Jr | P7: Base | Q7: Jrs | R7: Tx/Jr | S7: Base | T7: Jrs | U7: Tx/Jr | V7: Base | W7: Logm | X7: Trs / Jrs | Y7: Trs Dimanche& Feries | Z7: Tot Trs | AD7: Cnss/O | AE7: Ipr | AF7: Total | AG7: AVANCES | AI7: Cnss/P | AJ7: Inpp | AK7: Onem | AL7: Total | AU7: Sundays | AV7: Overtime 130% (Hrs) | AW7: Overtime 160% (Hrs) | AX7: Overtime 200% (Hrs) | AY7: Overtime 10% (Hrs) | AZ7: Overtime 25% (Hrs) | BA7: Overtime 130% US$ | BB7: Overtime 160% US$ | BC7: Overtime 200% US$ | BD7: Overtime 10% US$ | BE7: Overtime 25% US$ | BF7: Total overtime
G8: Classification | I8: sal base bareme | K8: Pointage | L8: base/pointage | M8: base mensuel | O8: base/pointage | P8: Jrsxtx | R8: base/pointage | S8: Jrsxtx | U8: 0.667*tx | V8: Jrsxtx | W8: 30%base pres, fer, cong,mal | X8: Nbr jr x course | Y8: Awxtras | Z8: x+y | AA8: BH | AB8: Bases+HS | AC8: AB-AD | AD8: BIx5% | AE8: Tranches | AF8: AD+AE | AH8: BI,Log, inden-avance-deduct | AI8: 13%BI | AJ8: 2%BI | AK8: 0.5%BI | AL8: AI+AJ+AK | AN8: AD+AE+AG+AH+AL | AO8: %AN | AP8: forfait | AQ8: Forfait | AR8: 16%AN | AS8: AN+AO+AP+AQ+AR | BA8: (Txj/8)*av*ba

Sheet Sheet1 (2)
A4: PAIE PPC AOUT 2026
BA5: 1.3 | BB5: 1.6 | BC5: 2 | BD5: 0.1 | BE5: 0.25
G6: CLASSE | I6: BASE | K6: JOURS PRESTES | N6: JOURS FERIES | Q6: JOURS CONGES | T6: JOURS MALADIES | W6: INDEMNITES | AA6: MONT HEURES SUPP | AB6: Brut Impos | AC6: Sal Impos | AD6: DEDUCTIONS EMPLOYEE | AH6: Net à Payer | AI6: DEDUCTION PATRONALE | AN6: Gross Salary | AO6: M.B | AP6: Provision PPE | AQ6: Prov. S. Méd. | AR6: TVA | AS6: Total Gén
A7: MATR | B7: NOMS | C7: FONCTIONS | D7: NUMERO CNSS | E7: NUMERO DE COMPTE | F7: BANQUE | K7: Jrs | L7: Tx/Jr | M7: Base | N7: Jrs | O7: Tx/Jr | P7: Base | Q7: Jrs | R7: Tx/Jr | S7: Base | T7: Jrs | U7: Tx/Jr | V7: Base | W7: Logm | X7: Trs / Jrs | Y7: Trs Dimanche& Feries | Z7: Tot Trs | AD7: Cnss/O | AE7: Ipr | AF7: Total | AG7: AVANCES | AI7: Cnss/P | AJ7: Inpp | AK7: Onem | AL7: Total | AU7: Sundays | AV7: Overtime 130% (Hrs) | AW7: Overtime 160% (Hrs) | AX7: Overtime 200% (Hrs) | AY7: Overtime 10% (Hrs) | AZ7: Overtime 25% (Hrs) | BA7: Overtime 130% US$ | BB7: Overtime 160% US$ | BC7: Overtime 200% US$ | BD7: Overtime 10% US$ | BE7: Overtime 25% US$ | BF7: Total overtime
G8: Classification | I8: sal base bareme | K8: 13 | L8: 10 | M8: =L8*K8 -> 130 | N8: 1 | O8: 10 | P8: =N8*O8 -> 10 | Q8: 2 | R8: 10 | S8: =Q8*R8 -> 20 | T8: 3 | U8: =0.667*L8 -> 6.67 | V8: =T8*U8 -> 20.01 | W8: =0.3*(M8+P8+S8+V8) -> 54.003 | X8: =K8*5400 -> 70200 | Y8: 20000 | Z8: =X8+Y8 -> 90200 | AA8: 50000 | AB8: =M8+P8+S8+V8+AA8 -> 50180.01 | AC8: AB-AD | AD8: =AB8*5% -> 2509.0005 | AE8: Tranches | AF8: AD+AE | AH8: BI,Log, inden-avance-deduct | AI8: 13%BI | AJ8: 2%BI | AK8: 0.5%BI | AL8: AI+AJ+AK | AN8: AD+AE+AG+AH+AL | AO8: %AN | AP8: forfait | AQ8: Forfait | AR8: 16%AN | AS8: AN+AO+AP+AQ+AR | BA8: (Txj/8)*av*ba

Sheet PPC Usine-Zamba
I3: JOURS PRESTES | L3: JOURS FERIES | O3: JOURS CONGES | R3: JOURS MALADIES | U3: INDEMNITES | AD3: DEDUCTIONS EMPLOYEE | AI3: DEDUCTION PATRONALE | AZ3: 1.3 | BA3: 1.6 | BB3: 2 | BC3: 0.1 | BD3: 0.25
A5: MATR | B5: NOMS | C5: FONCTIONS | D5: NUMERO CNSS | E5: NUMERO DE COMPTE | F5: BANQUE | G5: Dépendant | H5: BASE | I5: Jrs | J5: Tx/Jr | K5: Base2 | L5: Jrs3 | M5: Tx/Jr4 | N5: Base5 | O5: Jrs6 | P5: Tx/Jr7 | Q5: Base8 | R5: Jrs9 | S5: Tx/Jr10 | T5: Base11 | U5: Logm | V5: cout/Trs | W5: Trs / Jrs | X5: Jrs/feries&Dimanche | Y5: Trs Dimanche& Feries | Z5: Tot Trs | AA5: MONT HEURES SUPP | AB5: Brut Impos | AC5: Sal Impos | AD5: Cnss/O | AE5: Ipr | AF5: Total | AG5: AVANCES | AH5: Net à Payer | AI5: Cnss/P | AJ5: Inpp | AK5: Onem | AL5: Total12 | AM5: Gross Salary | AN5: M.B | AO5: Provision PPE | AP5: Prov. S. Méd. | AQ5: TVA | AR5: Total Gén | AT5: Sundays | AU5: Overtime 130% (Hrs) | AV5: Overtime 160% (Hrs) | AW5: Overtime 200% (Hrs) | AX5: Overtime 10% (Hrs) | AY5: Overtime 25% (Hrs) | AZ5: Overtime 130% US$ | BA5: Overtime 160% US$ | BB5: Overtime 200% US$ | BC5: Overtime 10% US$ | BD5: Overtime 25% US$ | BE5: Total overtime
A6: CHRS_PPC0118 | B6: TULOMBA NSIMBA BIENVENU | C6: BAGS STORE CONTROLLER | E6: 544200035353086 | F6: EBCDC | G6: 5 | I6: 13 | J6: 13.201175 | K6: =J6*I6 -> 171.61527 | L6: 0 | M6: =Tableau2[[#This Row],[Tx/Jr]] -> 13.201175 | N6: =L6*M6 -> 0 | O6: 0 | P6: =Tableau2[[#This Row],[Tx/Jr]] -> 13.201175 | Q6: =O6*P6 -> 0 | R6: 0 | S6: =0.667*J6 -> 8.8051835 | T6: =R6*S6 -> 0 | U6: =0.3*(K6+N6+Q6+T6) -> 51.484581 | V6: 1.17 | W6: =I6*V6 -> 15.21 | X6: 0 | Y6: =X6*V6 -> 0 | Z6: =W6+Y6 -> 15.21 | AA6: =BE6 -> 111.71494 | AB6: =K6+N6+Q6+T6+AA6 -> 283.33021 | AC6: =Tableau2[[#This Row],[Brut Impos]]-Tableau2[[#This Row],[Cnss/O]] -> 269.1637 | AD6: =AB6*5% -> 14.166511 | AE6: =+'Moteur IPR'!P6 -> 28.730143 | AF6: =+AD6+AE6 -> 42.896654 | AG6: 0 | AH6: =+AB6+U6+Z6-AG6-AF6 -> 307.12814 | AI6: =+AB6*0.13 -> 36.832928 | AJ6: =2%*AB6 -> 5.6666042 | AK6: =0.5%*AB6 -> 1.4166511 | AL6: =+AI6+AJ6+AK6 -> 43.916183 | AM6: =+AD6+AE6+AG6+AH6+AL6 -> 393.94098 | AN6: 0 | AO6: 25 | AP6: 70 | AQ6: =0.16*AM6 -> 63.030556 | AR6: =AM6+AN6+AO6+AP6+AQ6 -> 551.97153 | AU6: 3 | AV6: 0 | AW6: 0 | AX6: 8 | AY6: 44 | AZ6: =($J6/8)*$AU6*(1+0.3) -> 6.4355727 | BA6: =($J6/8)*$AV6*(1+0.6) -> 0 | BB6: =($J6/8)*2*$AW6 -> 0 | BC6: =($J6/8)*$AX6*(1+0.1) -> 14.521292 | BD6: =($J6/8)*$AY6*(1+0.25) -> 90.758076 | BE6: =AZ6+BA6+BB6+BC6+BD6 -> 111.71494
A7: CHRS_PPC0096 | B7: NKULUKI MBOBA BODRI | C7: BAGS STORE CONTROLLER | E7: 260000143861032 | F7: EBCDC | G7: 3 | I7: 13 | J7: 13.201175 | K7: 171.61527 | L7: 0 | M7: 13.201175 | N7: 0 | O7: 0 | P7: 13.201175 | Q7: 0 | R7: 0 | S7: 8.8051835 | T7: 0 | U7: 51.484581 | V7: 1.17 | W7: 15.21 | X7: 0 | Y7: 0 | Z7: 15.21 | AA7: 94.470907 | AB7: 266.08618 | AC7: 252.78187 | AD7: 13.304309 | AE7: 27.6972 | AF7: 41.001509 | AG7: 0 | AH7: 291.77925 | AI7: 34.591203 | AJ7: 5.3217236 | AK7: 1.3304309 | AL7: 41.243358 | AM7: 374.02412 | AN7: 0 | AO7: 25 | AP7: 70 | AQ7: 59.843859 | AR7: 528.86798 | AU7: 0 | AV7: 0 | AW7: 0 | AX7: 10 | AY7: 37 | AZ7: 0 | BA7: 0 | BB7: 0 | BC7: 18.151615 | BD7: 76.319291 | BE7: 94.470907
A8: CHRS_PPC0115 | B8: SUNGA MAVITA ARNAL | C8: BAGS STORE CONTROLLER | E8: 544200035354250 | F8: EBCDC | G8: 3 | I8: 13 | J8: 12.541338 | K8: 163.03739 | L8: 0 | M8: 12.541338 | N8: 0 | O8: 0 | P8: 12.541338 | Q8: 0 | R8: 0 | S8: 8.3650724 | T8: 0 | U8: 48.911218 | V8: 1.17 | W8: 15.21 | X8: 0 | Y8: 0 | Z8: 15.21 | AA8: 84.340498 | AB8: 247.37789 | AC8: 235.009 | AD8: 12.368895 | AE8: 25.191225 | AF8: 37.56012 | AG8: 0 | AH8: 273.93899 | AI8: 32.159126 | AJ8: 4.9475578 | AK8: 1.2368895 | AL8: 38.343573 | AM8: 349.84268 | AN8: 0 | AO8: 25 | AP8: 70 | AQ8: 55.974829 | AR8: 500.81751 | AU8: 0 | AV8: 0 | AW8: 0 | AX8: 8 | AY8: 36 | AZ8: 0 | BA8: 0 | BB8: 0 | BC8: 13.795472 | BD8: 70.545026 | BE8: 84.340498
A9: CHRS_PPC0042 | B9: LUSAKU TUMBA HERBI | C9: BAGS STORE CONTROLLER | E9: 544200035354347 | F9: EBCDC | G9: 3 | I9: 13 | J9: 12.541338 | K9: 163.03739 | L9: 0 | M9: 12.541338 | N9: 0 | O9: 0 | P9: 12.541338 | Q9: 0 | R9: 0 | S9: 8.3650724 | T9: 0 | U9: 48.911218 | V9: 1.17 | W9: 15.21 | X9: 0 | Y9: 0 | Z9: 15.21 | AA9: 122.66996 | AB9: 285.70736 | AC9: 271.42199 | AD9: 14.285368 | AE9: 30.325457 | AF9: 44.610824 | AG9: 0 | AH9: 305.21775 | AI9: 37.141956 | AJ9: 5.7141471 | AK9: 1.4285368 | AL9: 44.28464 | AM9: 394.11321 | AN9: 0 | AO9: 25 | AP9: 70 | AQ9: 63.058114 | AR9: 552.17133 | AU9: 6 | AV9: 2 | AW9: 0 | AX9: 10 | AY9: 45 | AZ9: 12.227804 | BA9: 5.0165352 | BB9: 0 | BC9: 17.24434 | BD9: 88.181282 | BE9: 122.66996
B10: NSITAKODILA DIBASANA | C10: BOILER MAKER | I10: 11 | J10: 12.541338 | K10: 137.95472 | L10: 0 | M10: 12.541338 | N10: 0 | O10: 0 | P10: 12.541338 | Q10: 0 | R10: 0 | S10: 8.3650724 | T10: 0 | U10: 41.386415 | V10: 1.17 | W10: 12.87 | X10: 6 | Y10: 7.02 | Z10: 19.89 | AA10: 147.04719 | AB10: 285.0019 | AC10: 270.75181 | AD10: 14.250095 | AE10: 30.325457 | AF10: 44.575552 | AG10: 0 | AH10: 301.70277 | AI10: 37.050248 | AJ10: 5.7000381 | AK10: 1.4250095 | AL10: 44.175295 | AM10: 390.45362 | AN10: 0 | AO10: 25 | AP10: 70 | AQ10: 62.472578 | AR10: 547.92619 | AT10: 6 | AU10: 6 | AV10: 0 | AW10: 43 | AX10: 0 | AY10: 0 | AZ10: 12.227804 | BA10: 0 | BB10: 134.81938 | BC10: 0 | BD10: 0 | BE10: 147.04719
A11: CHRS_PPC0050 | B11: MAKOSI LUNZAYILADIO JOHN | C11: BOILER MAKER | E11: 544200132484230 | F11: EBCDC | G11: 3 | I11: 11 | J11: 12.541338 | K11: 137.95472 | L11: 0 | M11: 12.541338 | N11: 0 | O11: 0 | P11: 12.541338 | Q11: 0 | R11: 0 | S11: 8.3650724 | T11: 0 | U11: 41.386415 | V11: 1.17 | W11: 12.87 | X11: 3 | Y11: 3.51 | Z11: 16.38 | AA11: 139.89862 | AB11: 277.85334 | AC11: 263.96068 | AD11: 13.892667 | AE11: 29.273412 | AF11: 43.166079 | AG11: 0 | AH11: 292.45368 | AI11: 36.120934 | AJ11: 5.5570668 | AK11: 1.3892667 | AL11: 43.067268 | AM11: 378.68703 | AN11: 0 | AO11: 25 | AP11: 70 | AQ11: 60.589924 | AR11: 534.27695 | AU11: 15.5 | AV11: 7 | AW11: 28.67 | AX11: 0.5 | AY11: 0 | AZ11: 31.588495 | BA11: 17.557873 | BB11: 89.89004 | BC11: 0.86221698 | BD11: 0 | BE11: 139.89862
A12: CHRS_PPC0105 | B12: NTEDIKA NTEDIKA Edgard | C12: BUILDER | E12: 544200184545197 | F12: EBCDC | G12: 5 | I12: 11 | J12: 9.0685128 | K12: 99.753641 | L12: 0 | M12: 9.0685128 | N12: 0 | O12: 0 | P12: 9.0685128 | Q12: 0 | R12: 0 | S12: 6.048698 | T12: 0 | U12: 29.926092 | V12: 1.17 | W12: 12.87 | X12: 0 | Y12: 0 | Z12: 12.87 | AA12: 23.521455 | AB12: 123.2751 | AC12: 117.11134 | AD12: 6.1637548 | AE12: 8.2030745 | AF12: 14.366829 | AG12: 0 | AH12: 151.70436 | AI12: 16.025762 | AJ12: 2.4655019 | AK12: 0.61637548 | AL12: 19.10764 | AM12: 185.17883 | AN12: 0 | AO12: 25 | AP12: 70 | AQ12: 29.628612 | AR12: 309.80744 | AU12: 13.5 | AV12: 2 | AW12: 0 | AX12: 0 | AY12: 0 | AZ12: 19.89405 | BA12: 3.6274051 | BB12: 0 | BC12: 0 | BD12: 0 | BE12: 23.521455
A13: CHRS_PPC0067 | B13: MBELOLO KIESE Philemon | C13: CARPENTER | E13: 544200184583221 | F13: EBCDC | G13: 4 | I13: 11 | J13: 12.541338 | K13: 137.95472 | L13: 0 | M13: 12.541338 | N13: 0 | O13: 0 | P13: 12.541338 | Q13: 0 | R13: 0 | S13: 8.3650724 | T13: 0 | U13: 41.386415 | V13: 1.17 | W13: 12.87 | X13: 0 | Y13: 0 | Z13: 12.87 | AA13: 32.529095 | AB13: 170.48381 | AC13: 161.95962 | AD13: 8.5241906 | AE13: 14.574428 | AF13: 23.098618 | AG13: 0 | AH13: 201.64161 | AI13: 22.162896 | AJ13: 3.4096763 | AK13: 0.85241906 | AL13: 26.424991 | AM13: 251.16522 | AN13: 0 | AO13: 25 | AP13: 70 | AQ13: 40.186435 | AR13: 386.35165 | AU13: 13.5 | AV13: 2 | AW13: 0 | AX13: 0 | AY13: 0 | AZ13: 27.51256 | BA13: 5.0165352 | BB13: 0 | BC13: 0 | BD13: 0 | BE13: 32.529095
A14: CHRS_PPC0054 | B14: WETE MANDIANGU PAUL | C14: CLEANER | E14: 544200031884948 | F14: EBCDC | G14: 1 | I14: 11 | J14: 7.9502631 | K14: 87.452894 | L14: 0 | M14: 7.9502631 | N14: 0 | O14: 0 | P14: 7.9502631 | Q14: 0 | R14: 0 | S14: 5.3028255 | T14: 0 | U14: 26.235868 | V14: 1.17 | W14: 12.87 | X14: 3 | Y14: 3.51 | Z14: 16.38 | AA14: 65.887805 | AB14: 153.3407 | AC14: 145.67366 | AD14: 7.667035 | AE14: 13.130898 | AF14: 20.797933 | AG14: 0 | AH14: 175.15863 | AI14: 19.934291 | AJ14: 3.066814 | AK14: 0.7667035 | AL14: 23.767808 | AM14: 219.72438 | AN14: 0 | AO14: 25 | AP14: 70 | AQ14: 35.1559 | AR14: 349.88028 | AU14: 11 | AV14: 0 | AW14: 26 | AX14: 0 | AY14: 0 | AZ14: 14.211095 | BA14: 0 | BB14: 51.67671 | BC14: 0 | BD14: 0 | BE14: 65.887805
A15: CHRS_PPC0016 | B15: BOLA MANZA HELDER | C15: CLEANER | E15: 544200031835866 | F15: EBCDC | G15: 1 | I15: 11 | J15: 7.9502631 | K15: 87.452894 | L15: 0 | M15: 7.9502631 | N15: 0 | O15: 0 | P15: 7.9502631 | Q15: 0 | R15: 0 | S15: 5.3028255 | T15: 0 | U15: 26.235868 | V15: 1.17 | W15: 12.87 | X15: 4 | Y15: 4.68 | Z15: 17.55 | AA15: 83.775897 | AB15: 171.22879 | AC15: 162.66735 | AD15: 8.5614396 | AE15: 15.62897 | AF15: 24.19041 | AG15: 0 | AH15: 190.82425 | AI15: 22.259743 | AJ15: 3.4245758 | AK15: 0.85614396 | AL15: 26.540463 | AM15: 241.55512 | AN15: 0 | AO15: 25 | AP15: 70 | AQ15: 38.64882 | AR15: 375.20394 | AU15: 11 | AV15: 0 | AW15: 35 | AX15: 0 | AY15: 0 | AZ15: 14.211095 | BA15: 0 | BB15: 69.564802 | BC15: 0 | BD15: 0 | BE15: 83.775897
A16: CHRS_PPC0005 | B16: BANZA MUSUAMBA Cyntiche | C16: CLEANER | G16: 0 | I16: 11 | J16: 7.9502631 | K16: 87.452894 | L16: 0 | M16: 7.9502631 | N16: 0 | O16: 0 | P16: 7.9502631 | Q16: 0 | R16: 0 | S16: 5.3028255 | T16: 0 | U16: 26.235868 | V16: 1.17 | W16: 12.87 | X16: 6 | Y16: 7.02 | Z16: 19.89 | AA16: 132.17312 | AB16: 219.62602 | AC16: 208.64472 | AD16: 10.981301 | AE16: 22.844534 | AF16: 33.825835 | AG16: 0 | AH16: 231.92605 | AI16: 28.551382 | AJ16: 4.3925204 | AK16: 1.0981301 | AL16: 34.042033 | AM16: 299.79392 | AN16: 0 | AO16: 25 | AP16: 70 | AQ16: 47.967027 | AR16: 442.76095 | AU16: 14 | AV16: 8 | AW16: 51 | AX16: 0 | AY16: 0 | AZ16: 18.086849 | BA16: 12.720421 | BB16: 101.36585 | BC16: 0 | BD16: 0 | BE16: 132.17312
A17: CHRS_PPC0004 | B17: BALOKI NYAMBU GLORIA | C17: CRUSHER OPERATOR | E17: 544200031507812 | F17: EBCDC | G17: 4 | I17: 12 | J17: 13.201175 | K17: 158.4141 | L17: 0 | M17: 13.201175 | N17: 0 | O17: 0 | P17: 13.201175 | Q17: 0 | R17: 0 | S17: 8.8051835 | T17: 0 | U17: 47.524229 | V17: 1.17 | W17: 14.04 | X17: 0 | Y17: 0 | Z17: 14.04 | AA17: 101.64905 | AB17: 260.06314 | AC17: 247.05998 | AD17: 13.003157 | AE17: 26.318278 | AF17: 39.321435 | AG17: 0 | AH17: 282.30594 | AI17: 33.808208 | AJ17: 5.2012628 | AK17: 1.3003157 | AL17: 40.309787 | AM17: 361.93716 | AN17: 0 | AO17: 25 | AP17: 70 | AQ17: 57.909945 | AR17: 514.8471 | AU17: 6 | AV17: 0 | AW17: 0 | AX17: 8 | AY17: 36 | AZ17: 12.871145 | BA17: 0 | BB17: 0 | BC17: 14.521292 | BD17: 74.256608 | BE17: 101.64905
A18: CHRS_PPC0093 | B18: NKAYILU MPANGU PATRICK | C18: CRUSHER OPERATOR | E18: 544200178241749 | F18: EBCDC | G18: 0 | I18: 13 | J18: 12.541338 | K18: 163.03739 | L18: 0 | M18: 12.541338 | N18: 0 | O18: 0 | P18: 12.541338 | Q18: 0 | R18: 0 | S18: 8.3650724 | T18: 0 | U18: 48.911218 | V18: 1.17 | W18: 15.21 | X18: 0 | Y18: 0 | Z18: 15.21 | AA18: 89.74895 | AB18: 252.78634 | AC18: 240.14703 | AD18: 12.639317 | AE18: 27.56988 | AF18: 40.209197 | AG18: 0 | AH18: 276.69836 | AI18: 32.862225 | AJ18: 5.0557269 | AK18: 1.2639317 | AL18: 39.181883 | AM18: 356.08944 | AN18: 0 | AO18: 25 | AP18: 70 | AQ18: 56.974311 | AR18: 508.06376 | AU18: 0 | AV18: 0 | AW18: 0 | AX18: 10 | AY18: 37 | AZ18: 0 | BA18: 0 | BB18: 0 | BC18: 17.24434 | BD18: 72.50461 | BE18: 89.74895
A19: CHRS_PPC0090 | B19: NGABU MAKANZU Gabriel | C19: CRUSHER OPERATOR | E19: 544100187466260 | F19: EBCDC | G19: 0 | I19: 13 | J19: 4.5538401 | K19: 59.199921 | L19: 0 | M19: 4.5538401 | N19: 0 | O19: 0 | P19: 4.5538401 | Q19: 0 | R19: 0 | S19: 3.0374114 | T19: 0 | U19: 17.759976 | V19: 1.17 | W19: 15.21 | X19: 0 | Y19: 0 | Z19: 15.21 | AA19: 30.624575 | AB19: 89.824496 | AC19: 85.333271 | AD19: 4.4912248 | AE19: 4.3478168 | AF19: 8.8390416 | AG19: 0 | AH19: 113.95543 | AI19: 11.677185 | AJ19: 1.7964899 | AK19: 0.44912248 | AL19: 13.922797 | AM19: 136.71727 | AN19: 0 | AO19: 25 | AP19: 70 | AQ19: 21.874763 | AR19: 253.59203 | AU19: 0 | AV19: 0 | AW19: 0 | AX19: 8 | AY19: 36 | AZ19: 0 | BA19: 0 | BB19: 0 | BC19: 5.0092241 | BD19: 25.615351 | BE19: 30.624575
A20: CHRS_PPC0017 | B20: BONGENDE BOFALE ALAIN | C20: DRILLER OPERATOR | G20: 0 | I20: 13 | J20: 21.223401 | K20: 275.90421 | L20: 0 | M20: 21.223401 | N20: 0 | O20: 0 | P20: 21.223401 | Q20: 0 | R20: 0 | S20: 14.156008 | T20: 0 | U20: 82.771263 | V20: 1.17 | W20: 15.21 | X20: 0 | Y20: 0 | Z20: 15.21 | AA20: 53.85438 | AB20: 329.75859 | AC20: 313.27066 | AD20: 16.487929 | AE20: 38.538425 | AF20: 55.026355 | AG20: 0 | AH20: 372.7135 | AI20: 42.868617 | AJ20: 6.5951718 | AK20: 1.6487929 | AL20: 51.112581 | AM20: 478.85243 | AN20: 0 | AO20: 25 | AP20: 70 | AQ20: 76.61639 | AR20: 650.46882 | AU20: 5 | AV20: 0 | AW20: 0 | AX20: 8 | AY20: 4 | AZ20: 17.244013 | BA20: 0 | BB20: 0 | BC20: 23.345741 | BD20: 13.264626 | BE20: 53.85438
A21: CHRS_PPC0008 | B21: BAVEDILA LENDA RIGOBERT | C21: DRILLER OPERATOR | G21: 0 | I21: 14 | J21: 21.223401 | K21: 297.12761 | L21: 0 | M21: 21.223401 | N21: 0 | O21: 0 | P21: 21.223401 | Q21: 0 | R21: 0 | S21: 14.156008 | T21: 0 | U21: 89.138283 | V21: 1.17 | W21: 16.38 | X21: 0 | Y21: 0 | Z21: 16.38 | AA21: 100.9438 | AB21: 398.07141 | AC21: 378.16784 | AD21: 19.903571 | AE21: 48.273002 | AF21: 68.176573 | AG21: 0 | AH21: 435.41312 | AI21: 51.749283 | AJ21: 7.9614282 | AK21: 1.9903571 | AL21: 61.701069 | AM21: 565.29076 | AN21: 0 | AO21: 25 | AP21: 70 | AQ21: 90.446522 | AR21: 750.73729 | AU21: 16 | AV21: 0 | AW21: 0 | AX21: 10 | AY21: 5 | AZ21: 55.180842 | BA21: 0 | BB21: 0 | BC21: 29.182176 | BD21: 16.580782 | BE21: 100.9438
A22: CHRS_PPC0101 | B22: NSEMBOLO NSEMBOLO BLAISE | C22: DRIVER | E22: 260000145560375 | F22: EBCDC | G22: 2 | I22: 11 | J22: 14.763946 | K22: 162.40341 | L22: 0 | M22: 14.763946 | N22: 0 | O22: 0 | P22: 14.763946 | Q22: 0 | R22: 0 | S22: 9.847552 | T22: 0 | U22: 48.721022 | V22: 1.17 | W22: 12.87 | X22: 0 | Y22: 0 | Z22: 12.87 | AA22: 332.46561 | AB22: 494.86902 | AC22: 470.12557 | AD22: 24.743451 | AE22: 59.583994 | AF22: 84.327445 | AG22: 0 | AH22: 472.13259 | AI22: 64.332972 | AJ22: 9.8973803 | AK22: 2.4743451 | AL22: 76.704698 | AM22: 633.16474 | AN22: 0 | AO22: 25 | AP22: 70 | AQ22: 101.30636 | AR22: 829.47109 | AU22: 16 | AV22: 20 | AW22: 28 | AX22: 16 | AY22: 43 | AZ22: 38.38626 | BA22: 59.055784 | BB22: 103.34762 | BC22: 32.480681 | BD22: 99.195262 | BE22: 332.46561
A23: CHRS_PPC0116 | B23: TENDA DIWASILUA BINGI | C23: DRIVER | E23: 260000143824754 | F23: EBCDC | G23: 5 | I23: 12 | J23: 12.541338 | K23: 150.49606 | L23: 0 | M23: 12.541338 | N23: 0 | O23: 0 | P23: 12.541338 | Q23: 0 | R23: 0 | S23: 8.3650724 | T23: 0 | U23: 45.148817 | V23: 1.17 | W23: 14.04 | X23: 5 | Y23: 5.85 | Z23: 19.89 | AA23: 188.19845 | AB23: 338.69451 | AC23: 321.75978 | AD23: 16.934725 | AE23: 35.830614 | AF23: 52.76534 | AG23: 0 | AH23: 350.96798 | AI23: 44.030286 | AJ23: 6.7738902 | AK23: 1.6934725 | AL23: 52.497649 | AM23: 456.23097 | AN23: 0 | AO23: 25 | AP23: 70 | AQ23: 72.996956 | AR23: 624.22793 | AU23: 11 | AV23: 0 | AW23: 46 | AX23: 0 | AY23: 11 | AZ23: 22.417642 | BA23: 0 | BB23: 144.22539 | BC23: 0 | BD23: 21.555425 | BE23: 188.19845
B24: MABIALA BANIONGA CHANCARD | C24: DRIVER | G24: 0 | I24: 11 | J24: 12.541338 | K24: 137.95472 | L24: 0 | M24: 12.541338 | N24: 0 | O24: 0 | P24: 12.541338 | Q24: 0 | R24: 0 | S24: 8.3650724 | T24: 0 | U24: 41.386415 | V24: 1.17 | W24: 12.87 | X24: 0 | Y24: 0 | Z24: 12.87 | AA24: 110.28069 | AB24: 248.2354 | AC24: 235.82363 | AD24: 12.41177 | AE24: 35.830614 | AF24: 48.242384 | AG24: 0 | AH24: 254.24944 | AI24: 32.270603 | AJ24: 4.9647081 | AK24: 1.241177 | AL24: 38.476488 | AM24: 340.96831 | AN24: 0 | AO24: 25 | AP24: 70 | AQ24: 54.554929 | AR24: 490.52324 | AU24: 9.5 | AV24: 25.67 | AW24: 0 | AX24: 8 | AY24: 6.5 | AZ24: 19.36069 | BA24: 64.387229 | BB24: 0 | BC24: 13.795472 | BD24: 12.737296 | BE24: 110.28069
A25: CHRS_PPC0049 | B25: MAKENGELE KISAMBU HENOCK | C25: DRIVER | E25: 544200099112253 | F25: EBCDC | G25: 0 | I25: 12 | J25: 12.541338 | K25: 150.49606 | L25: 0 | M25: 12.541338 | N25: 0 | O25: 0 | P25: 12.541338 | Q25: 0 | R25: 0 | S25: 8.3650724 | T25: 0 | U25: 45.148817 | V25: 1.17 | W25: 14.04 | X25: 5 | Y25: 5.85 | Z25: 19.89 | AA25: 273.55793 | AB25: 424.05399 | AC25: 402.85129 | AD25: 21.202699 | AE25: 51.97552 | AF25: 73.178219 | AG25: 0 | AH25: 415.91459 | AI25: 55.127019 | AJ25: 8.4810798 | AK25: 2.1202699 | AL25: 65.728368 | AM25: 554.82117 | AN25: 0 | AO25: 25 | AP25: 70 | AQ25: 88.771388 | AR25: 738.59256 | AU25: 19 | AV25: 23 | AW25: 56.5 | AX25: 0 | AY25: 0 | AZ25: 38.721381 | BA25: 57.690155 | BB25: 177.1464 | BC25: 0 | BD25: 0 | BE25: 273.55793
A26: CHRS_PPC0078 | B26: MUTSHI MUNA JEAN PIERRE | C26: DRIVER | E26: 522100130128429 | F26: EBCDC | G26: 5 | J26: 12.541338 | K26: 0 | L26: 0 | M26: 12.541338 | N26: 0 | O26: 0 | P26: 12.541338 | Q26: 0 | R26: 0 | S26: 8.3650724 | T26: 0 | U26: 0 | V26: 1.17 | W26: 0 | X26: 0 | Y26: 0 | Z26: 0 | AA26: 0 | AB26: 0 | AC26: 0 | AD26: 0 | AE26: 0.9 | AF26: 0.9 | AG26: 0 | AH26: -0.9 | AI26: 0 | AJ26: 0 | AK26: 0 | AL26: 0 | AM26: 0 | AN26: 0 | AO26: 25 | AP26: 70 | AQ26: 0 | AR26: 95 | AU26: 0 | AV26: 0 | AW26: 0 | AX26: 0 | AY26: 0 | AZ26: 0 | BA26: 0 | BB26: 0 | BC26: 0 | BD26: 0 | BE26: 0
A27: CHRS_PPC0023 | B27: DIKI NGANGU | C27: DRIVER | E27: 544100230516897 | F27: EBCDC | G27: 0 | I27: 14 | J27: 12.541338 | K27: 175.57873 | L27: 0 | M27: 12.541338 | N27: 0 | O27: 0 | P27: 12.541338 | Q27: 0 | R27: 0 | S27: 8.3650724 | T27: 0 | U27: 52.673619 | V27: 1.17 | W27: 16.38 | X27: 0 | Y27: 0 | Z27: 16.38 | AA27: 239.06925 | AB27: 414.64799 | AC27: 393.91559 | AD27: 20.732399 | AE27: 50.635164 | AF27: 71.367563 | AG27: 0 | AH27: 412.33404 | AI27: 53.904238 | AJ27: 8.2929597 | AK27: 2.0732399 | AL27: 64.270438 | AM27: 547.97204 | AN27: 0 | AO27: 25 | AP27: 70 | AQ27: 87.675527 | AR27: 730.64757 | AU27: 24 | AV27: 27.5 | AW27: 0 | AX27: 18 | AY27: 46 | AZ27: 48.911218 | BA27: 68.977359 | BB27: 0 | BC27: 31.039811 | BD27: 90.140866 | BE27: 239.06925
A28: CHRS_PPC0114 | B28: SENDA BAKOMISA | C28: DRIVER | E28: 544100264766336 | F28: EBCDC | G28: 0 | I28: 13 | J28: 12.541338 | K28: 163.03739 | L28: 0 | M28: 12.541338 | N28: 0 | O28: 0 | P28: 12.541338 | Q28: 0 | R28: 0 | S28: 8.3650724 | T28: 0 | U28: 48.911218 | V28: 1.17 | W28: 15.21 | X28: 0 | Y28: 0 | Z28: 15.21 | AA28: 154.49361 | AB28: 317.531 | AC28: 301.65445 | AD28: 15.87655 | AE28: 36.795994 | AF28: 52.672544 | AG28: 0 | AH28: 328.97967 | AI28: 41.27903 | AJ28: 6.35062 | AK28: 1.587655 | AL28: 49.217305 | AM28: 430.86952 | AN28: 0 | AO28: 25 | AP28: 70 | AQ28: 68.939124 | AR28: 594.80865 | AU28: 19 | AV28: 9 | AW28: 0 | AX28: 12 | AY28: 37 | AZ28: 38.721381 | BA28: 22.574408 | BB28: 0 | BC28: 20.693208 | BD28: 72.50461 | BE28: 154.49361
A29: CHRS_PPC0021 | B29: DIAWAKANA NKUMANI SEBASTIEN | C29: DRIVER | G29: 0 | I29: 14 | J29: 12.541338 | K29: 175.57873 | L29: 0 | M29: 12.541338 | N29: 0 | O29: 0 | P29: 12.541338 | Q29: 0 | R29: 0 | S29: 8.3650724 | T29: 0 | U29: 52.673619 | V29: 1.17 | W29: 16.38 | X29: 0 | Y29: 0 | Z29: 16.38 | AA29: 200.81817 | AB29: 376.39691 | AC29: 357.57706 | AD29: 18.819845 | AE29: 45.184385 | AF29: 64.00423 | AG29: 0 | AH29: 381.44629 | AI29: 48.931598 | AJ29: 7.5279381 | AK29: 1.8819845 | AL29: 58.34152 | AM29: 503.79204 | AN29: 0 | AO29: 25 | AP29: 70 | AQ29: 80.606727 | AR29: 679.39877 | AU29: 12 | AV29: 22 | AW29: 0 | AX29: 18 | AY29: 46 | AZ29: 24.455609 | BA29: 55.181887 | BB29: 0 | BC29: 31.039811 | BD29: 90.140866 | BE29: 200.81817
A30: CHRS_PPC0085 | B30: NDANDU YAZOLA RODRIGUE | C30: ELECTRICIAN | E30: 544200130200365 | F30: EBCDC | G30: 0 | I30: 13 | J30: 24.592041 | K30: 319.69654 | L30: 0 | M30: 24.592041 | N30: 0 | O30: 0 | P30: 24.592041 | Q30: 0 | R30: 0 | S30: 16.402891 | T30: 0 | U30: 95.908961 | V30: 1.17 | W30: 15.21 | X30: 0 | Y30: 0 | Z30: 15.21 | AA30: 175.98679 | AB30: 495.68333 | AC30: 470.89916 | AD30: 24.784167 | AE30: 62.182701 | AF30: 86.966867 | AG30: 0 | AH30: 519.83542 | AI30: 64.438833 | AJ30: 9.9136666 | AK30: 2.4784167 | AL30: 76.830916 | AM30: 683.63321 | AN30: 0 | AO30: 25 | AP30: 70 | AQ30: 109.38131 | AR30: 888.01452 | AU30: 0 | AV30: 0 | AW30: 0 | AX30: 10 | AY30: 37 | AZ30: 0 | BA30: 0 | BB30: 0 | BC30: 33.814057 | BD30: 142.17274 | BE30: 175.98679
A31: CHRS_PPC0007 | B31: BATUKUEMI MATONDO Dieu | C31: ELECTRICIAN | E31: 544200170434316 | F31: EBCDC | G31: 4 | I31: 13 | J31: 12.541338 | K31: 163.03739 | L31: 0 | M31: 12.541338 | N31: 0 | O31: 0 | P31: 12.541338 | Q31: 0 | R31: 0 | S31: 8.3650724 | T31: 0 | U31: 48.911218 | V31: 1.17 | W31: 15.21 | X31: 0 | Y31: 0 | Z31: 15.21 | AA31: 84.340498 | AB31: 247.37789 | AC31: 235.009 | AD31: 12.368895 | AE31: 24.655242 | AF31: 37.024136 | AG31: 0 | AH31: 274.47497 | AI31: 32.159126 | AJ31: 4.9475578 | AK31: 1.2368895 | AL31: 38.343573 | AM31: 349.84268 | AN31: 0 | AO31: 25 | AP31: 70 | AQ31: 55.974829 | AR31: 500.81751 | AU31: 0 | AV31: 0 | AW31: 0 | AX31: 8 | AY31: 36 | AZ31: 0 | BA31: 0 | BB31: 0 | BC31: 13.795472 | BD31: 70.545026 | BE31: 84.340498
A32: CHRS_PPC0073 | B32: MISAMU NGOLO ROUSSEL | C32: ELECTRICIAN | E32: 544200098683707 | F32: EBCDC | G32: 0 | I32: 11 | J32: 12.541338 | K32: 137.95472 | L32: 0 | M32: 12.541338 | N32: 0 | O32: 0 | P32: 12.541338 | Q32: 0 | R32: 0 | S32: 8.3650724 | T32: 0 | U32: 41.386415 | V32: 1.17 | W32: 12.87 | X32: 2 | Y32: 2.34 | Z32: 15.21 | AA32: 134.50585 | AB32: 272.46057 | AC32: 258.83754 | AD32: 13.623028 | AE32: 30.373457 | AF32: 43.996485 | AG32: 0 | AH32: 285.0605 | AI32: 35.419874 | AJ32: 5.4492113 | AK32: 1.3623028 | AL32: 42.231388 | AM32: 371.28837 | AN32: 0 | AO32: 25 | AP32: 70 | AQ32: 59.406139 | AR32: 525.69451 | AU32: 0 | AV32: 0 | AW32: 16 | AX32: 8 | AY32: 36 | AZ32: 0 | BA32: 0 | BB32: 50.165352 | BC32: 13.795472 | BD32: 70.545026 | BE32: 134.50585
A33: CHRS_PPC0055 | B33: MANSATILA LUTETE JUNIOR | C33: ELECTRICIAN | E33: 544200219560354 | F33: EBCDC | G33: 1 | I33: 13 | J33: 12.541338 | K33: 163.03739 | L33: 0 | M33: 12.541338 | N33: 0 | O33: 0 | P33: 12.541338 | Q33: 0 | R33: 0 | S33: 8.3650724 | T33: 0 | U33: 48.911218 | V33: 1.17 | W33: 15.21 | X33: 0 | Y33: 0 | Z33: 15.21 | AA33: 100.01717 | AB33: 263.05456 | AC33: 249.90184 | AD33: 13.152728 | AE33: 28.452439 | AF33: 41.605168 | AG33: 0 | AH33: 285.57061 | AI33: 34.197093 | AJ33: 5.2610913 | AK33: 1.3152728 | AL33: 40.773457 | AM33: 367.94924 | AN33: 0 | AO33: 25 | AP33: 70 | AQ33: 58.871878 | AR33: 521.82112 | AU33: 0 | AV33: 0 | AW33: 0 | AX33: 8 | AY33: 44 | AZ33: 0 | BA33: 0 | BB33: 0 | BC33: 13.795472 | BD33: 86.221698 | BE33: 100.01717
A34: CHRS_PPC0120 | B34: WATUZOLA WENAYETO Osée | C34: ELECTRICIAN | E34: 544100227055064 | F34: EBCDC | G34: 1 | I34: 12 | J34: 12.541338 | K34: 150.49606 | L34: 0 | M34: 12.541338 | N34: 0 | O34: 0 | P34: 12.541338 | Q34: 0 | R34: 0 | S34: 8.3650724 | T34: 0 | U34: 45.148817 | V34: 1.17 | W34: 14.04 | X34: 0 | Y34: 0 | Z34: 14.04 | AA34: 84.340498 | AB34: 234.83655 | AC34: 223.09473 | AD34: 11.741828 | AE34: 24.511794 | AF34: 36.253622 | AG34: 0 | AH34: 257.77175 | AI34: 30.528752 | AJ34: 4.6967311 | AK34: 1.1741828 | AL34: 36.399666 | AM34: 330.42504 | AN34: 0 | AO34: 25 | AP34: 70 | AQ34: 52.868006 | AR34: 478.29304 | AU34: 0 | AV34: 0 | AW34: 0 | AX34: 8 | AY34: 36 | AZ34: 0 | BA34: 0 | BB34: 0 | BC34: 13.795472 | BD34: 70.545026 | BE34: 84.340498
A35: CHRS_PPC0069 | B35: MBILA MBAKULU DAVID | C35: ELECTRICIAN | E35: 544200219476061 | F35: EBCDC | G35: 1 | I35: 11 | J35: 12.541338 | K35: 137.95472 | L35: 0 | M35: 12.541338 | N35: 0 | O35: 0 | P35: 12.541338 | Q35: 0 | R35: 0 | S35: 8.3650724 | T35: 0 | U35: 41.386415 | V35: 1.17 | W35: 12.87 | X35: 1 | Y35: 1.17 | Z35: 14.04 | AA35: 109.42317 | AB35: 247.37789 | AC35: 235.009 | AD35: 12.368895 | AE35: 26.263192 | AF35: 38.632087 | AG35: 0 | AH35: 264.17222 | AI35: 32.159126 | AJ35: 4.9475578 | AK35: 1.2368895 | AL35: 38.343573 | AM35: 341.14788 | AN35: 0 | AO35: 25 | AP35: 70 | AQ35: 54.583661 | AR35: 490.73154 | AU35: 0 | AV35: 0 | AW35: 8 | AX35: 8 | AY35: 36 | AZ35: 0 | BA35: 0 | BB35: 25.082676 | BC35: 13.795472 | BD35: 70.545026 | BE35: 109.42317
A36: CHRS_PPC0086 | B36: NDUBU LUNTELADIO JOEL | C36: ELECTRICIAN | E36: 544100218325549 | F36: EBCDC | G36: 1 | I36: 11 | J36: 12.541338 | K36: 137.95472 | L36: 0 | M36: 12.541338 | N36: 0 | O36: 0 | P36: 12.541338 | Q36: 0 | R36: 0 | S36: 8.3650724 | T36: 0 | U36: 41.386415 | V36: 1.17 | W36: 12.87 | X36: 2 | Y36: 2.34 | Z36: 15.21 | AA36: 88.965116 | AB36: 226.91983 | AC36: 215.57384 | AD36: 11.345992 | AE36: 23.406224 | AF36: 34.752216 | AG36: 0 | AH36: 248.76403 | AI36: 29.499578 | AJ36: 4.5383967 | AK36: 1.1345992 | AL36: 35.172574 | AM36: 318.68882 | AN36: 0 | AO36: 25 | AP36: 70 | AQ36: 50.990212 | AR36: 464.67903 | AU36: 13.5 | AV36: 4.5 | AW36: 16 | AX36: 0 | AY36: 0 | AZ36: 27.51256 | BA36: 11.287204 | BB36: 50.165352 | BC36: 0 | BD36: 0 | BE36: 88.965116
A37: CHRS_PPC0077 | B37: MUKANDA KASHABALA FRANCIS | C37: ELECTRICIAN | E37: 544200222145889 | F37: EBCDC | G37: 0 | I37: 11 | J37: 12.541338 | K37: 137.95472 | L37: 0 | M37: 12.541338 | N37: 0 | O37: 0 | P37: 12.541338 | Q37: 0 | R37: 0 | S37: 8.3650724 | T37: 0 | U37: 41.386415 | V37: 1.17 | W37: 12.87 | X37: 2 | Y37: 2.34 | Z37: 15.21 | AA37: 118.82918 | AB37: 256.78389 | AC37: 243.9447 | AD37: 12.839195 | AE37: 28.139531 | AF37: 40.978726 | AG37: 0 | AH37: 272.40158 | AI37: 33.381906 | AJ37: 5.1356779 | AK37: 1.2839195 | AL37: 39.801504 | AM37: 353.18181 | AN37: 0 | AO37: 25 | AP37: 70 | AQ37: 56.50909 | AR37: 504.6909 | AU37: 0 | AV37: 0 | AW37: 16 | AX37: 8 | AY37: 28 | AZ37: 0 | BA37: 0 | BB37: 50.165352 | BC37: 13.795472 | BD37: 54.868354 | BE37: 118.82918
A38: CHRS_PPC0103 | B38: NSUMBU NLANDU FAVARO | C38: ELECTRICIAN | E38: 05126-01175328001-38 | F38: RAWBANK | G38: 3 | I38: 13 | J38: 12.541338 | K38: 163.03739 | L38: 0 | M38: 12.541338 | N38: 0 | O38: 0 | P38: 12.541338 | Q38: 0 | R38: 0 | S38: 8.3650724 | T38: 0 | U38: 48.911218 | V38: 1.17 | W38: 15.21 | X38: 0 | Y38: 0 | Z38: 15.21 | AA38: 84.340498 | AB38: 247.37789 | AC38: 235.009 | AD38: 12.368895 | AE38: 25.191225 | AF38: 37.56012 | AG38: 0 | AH38: 273.93899 | AI38: 32.159126 | AJ38: 4.9475578 | AK38: 1.2368895 | AL38: 38.343573 | AM38: 349.84268 | AN38: 0 | AO38: 25 | AP38: 70 | AQ38: 55.974829 | AR38: 500.81751 | AU38: 0 | AV38: 0 | AW38: 0 | AX38: 8 | AY38: 36 | AZ38: 0 | BA38: 0 | BB38: 0 | BC38: 13.795472 | BD38: 70.545026 | BE38: 84.340498
A39: CHRS_PPC0045 | B39: LUZOLO LUAMFUMU Chadrack | C39: ELECTRICIAN | E39: 05126-00163104701-63 | F39: RAWBANK | G39: 0 | I39: 13 | J39: 12.541338 | K39: 163.03739 | L39: 0 | M39: 12.541338 | N39: 0 | O39: 0 | P39: 12.541338 | Q39: 0 | R39: 0 | S39: 8.3650724 | T39: 0 | U39: 48.911218 | V39: 1.17 | W39: 15.21 | X39: 0 | Y39: 0 | Z39: 15.21 | AA39: 95.862852 | AB39: 258.90025 | AC39: 245.95523 | AD39: 12.945012 | AE39: 28.441111 | AF39: 41.386123 | AG39: 0 | AH39: 281.63534 | AI39: 33.657032 | AJ39: 5.1780049 | AK39: 1.2945012 | AL39: 40.129538 | AM39: 363.151 | AN39: 0 | AO39: 25 | AP39: 70 | AQ39: 58.10416 | AR39: 516.25516 | AU39: 3 | AV39: 0 | AW39: 0 | AX39: 10 | AY39: 37 | AZ39: 6.1139022 | BA39: 0 | BB39: 0 | BC39: 17.24434 | BD39: 72.50461 | BE39: 95.862852
A40: CHRS_PPC0001 | B40: AGAMAKA MONENE DELORD | C40: ELECTRICIAN | E40: 544100263667229 | F40: EBCDC | G40: 0 | I40: 13 | J40: 12.541338 | K40: 163.03739 | L40: 0 | M40: 12.541338 | N40: 0 | O40: 0 | P40: 12.541338 | Q40: 0 | R40: 0 | S40: 8.3650724 | T40: 0 | U40: 48.911218 | V40: 1.17 | W40: 15.21 | X40: 0 | Y40: 0 | Z40: 15.21 | AA40: 84.340498 | AB40: 247.37789 | AC40: 235.009 | AD40: 12.368895 | AE40: 26.799176 | AF40: 39.16807 | AG40: 0 | AH40: 272.33104 | AI40: 32.159126 | AJ40: 4.9475578 | AK40: 1.2368895 | AL40: 38.343573 | AM40: 349.84268 | AN40: 0 | AO40: 25 | AP40: 70 | AQ40: 55.974829 | AR40: 500.81751 | AU40: 0 | AV40: 0 | AW40: 0 | AX40: 8 | AY40: 36 | AZ40: 0 | BA40: 0 | BB40: 0 | BC40: 13.795472 | BD40: 70.545026 | BE40: 84.340498
A41: CHRS_PPC0080 | B41: MUZIAMA KAHOTA MIRIAM | C41: ELECTRICIENNE | E41: 544100218318177 | F41: EBCDC | G41: 0 | I41: 11 | J41: 12.541338 | K41: 137.95472 | L41: 0 | M41: 12.541338 | N41: 0 | O41: 0 | P41: 12.541338 | Q41: 0 | R41: 0 | S41: 8.3650724 | T41: 0 | U41: 41.386415 | V41: 1.17 | W41: 12.87 | X41: 1 | Y41: 1.17 | Z41: 14.04 | AA41: 69.369276 | AB41: 207.32399 | AC41: 196.95779 | AD41: 10.3662 | AE41: 21.091495 | AF41: 31.457695 | AG41: 0 | AH41: 231.29271 | AI41: 26.952119 | AJ41: 4.1464799 | AK41: 1.03662 | AL41: 32.135219 | AM41: 294.88563 | AN41: 0 | AO41: 25 | AP41: 70 | AQ41: 47.1817 | AR41: 437.06733 | AU41: 12 | AV41: 7 | AW41: 7 | AX41: 2 | AY41: 1 | AZ41: 24.455609 | BA41: 17.557873 | BB41: 21.947341 | BC41: 3.4488679 | BD41: 1.9595841 | BE41: 69.369276
A42: CHRS_PPC0082 | B42: MWANAFIOTI AYAY Bénédicte | C42: ENVIRONMENTAL SUPPORT | E42: 05126-01148329001-01 | F42: RAWBANK | G42: 0 | I42: 11 | J42: 24.105846 | K42: 265.1643 | L42: 0 | M42: 24.105846 | N42: 0 | O42: 0 | P42: 24.105846 | Q42: 0 | R42: 0 | S42: 16.078599 | T42: 0 | U42: 79.549291 | V42: 1.17 | W42: 12.87 | X42: 0 | Y42: 0 | Z42: 12.87 | AA42: 29.378999 | AB42: 294.5433 | AC42: 279.81614 | AD42: 14.727165 | AE42: 33.520247 | AF42: 48.247412 | AG42: 0 | AH42: 338.71518 | AI42: 38.290629 | AJ42: 5.890866 | AK42: 1.4727165 | AL42: 45.654212 | AM42: 432.6168 | AN42: 0 | AO42: 25 | AP42: 70 | AQ42: 69.218689 | AR42: 596.83549 | AU42: 7.5 | AV42: 0 | AW42: 0 | AX42: 0 | AY42: 0 | AZ42: 29.378999 | BA42: 0 | BB42: 0 | BC42: 0 | BD42: 0 | BE42: 29.378999
A43: CHRS_PPC0059 | B43: MATONDO NZUZI ROGER | C43: FITTER | E43: 844200063076788 | F43: EBCDC | G43: 4 | I43: 11 | J43: 16.014163 | K43: 176.15579 | L43: 0 | M43: 16.014163 | N43: 0 | O43: 0 | P43: 16.014163 | Q43: 0 | R43: 0 | S43: 10.681447 | T43: 0 | U43: 52.846738 | V43: 1.17 | W43: 12.87 | X43: 0 | Y43: 0 | Z43: 12.87 | AA43: 68.560636 | AB43: 244.71643 | AC43: 232.48061 | AD43: 12.235821 | AE43: 24.306324 | AF43: 36.542145 | AG43: 0 | AH43: 273.89102 | AI43: 31.813136 | AJ43: 4.8943286 | AK43: 1.2235821 | AL43: 37.931047 | AM43: 348.36421 | AN43: 0 | AO43: 25 | AP43: 70 | AQ43: 55.738274 | AR43: 499.10249 | AU43: 3 | AV43: 0 | AW43: 0 | AX43: 6 | AY43: 19 | AZ43: 7.8069045 | BA43: 0 | BB43: 0 | BC43: 13.211685 | BD43: 47.542047 | BE43: 68.560636
A44: CHRS_PPC0032 | B44: KINKELA WANZAMBI JAEBET | C44: FITTER | E44: 544200035523224 | F44: EBCDC | G44: 2 | I44: 13 | J44: 16.014163 | K44: 208.18412 | L44: 0 | M44: 16.014163 | N44: 0 | O44: 0 | P44: 16.014163 | Q44: 0 | R44: 0 | S44: 10.681447 | T44: 0 | U44: 62.455236 | V44: 1.17 | W44: 15.21 | X44: 2 | Y44: 2.34 | Z44: 17.55 | AA44: 207.08315 | AB44: 415.26727 | AC44: 394.5039 | AD44: 20.763363 | AE44: 48.694475 | AF44: 69.457838 | AG44: 0 | AH44: 425.81466 | AI44: 53.984745 | AJ44: 8.3053453 | AK44: 2.0763363 | AL44: 64.366426 | AM44: 559.63893 | AN44: 0 | AO44: 25 | AP44: 70 | AQ44: 89.542229 | AR44: 744.18116 | AU44: 8 | AV44: 0 | AW44: 19 | AX44: 8 | AY44: 37 | AZ44: 20.818412 | BA44: 0 | BB44: 76.067275 | BC44: 17.615579 | BD44: 92.58188 | BE44: 207.08315
A45: CHRS_PPC0076 | B45: NSIYASOBUA MPILA Emmanuel | C45: FITTER | E45: 544200132778722 | F45: EBCDC | G45: 5 | I45: 12 | J45: 12.541338 | K45: 150.49606 | L45: 0 | M45: 12.541338 | N45: 0 | O45: 0 | P45: 12.541338 | Q45: 0 | R45: 0 | S45: 8.3650724 | T45: 0 | U45: 45.148817 | V45: 1.17 | W45: 14.04 | X45: 0 | Y45: 0 | Z45: 14.04 | AA45: 152.69079 | AB45: 303.18684 | AC45: 288.0275 | AD45: 15.159342 | AE45: 31.276756 | AF45: 46.436099 | AG45: 0 | AH45: 315.93956 | AI45: 39.41429 | AJ45: 6.0637369 | AK45: 1.5159342 | AL45: 46.993961 | AM45: 409.36962 | AN45: 0 | AO45: 25 | AP45: 70 | AQ45: 65.49914 | AR45: 569.86876 | AU45: 12.5 | AV45: 25.5 | AW45: 0 | AX45: 6 | AY45: 27 | AZ45: 25.474593 | BA45: 63.960824 | BB45: 0 | BC45: 10.346604 | BD45: 52.908769 | BE45: 152.69079
A46: CHRS_PPC0053 | B46: MANDIANGU NDONGALA DIEU | C46: FITTER | E46: 544100255587420 | F46: EBCDC | G46: 0 | I46: 13 | J46: 16.014163 | K46: 208.18412 | L46: 0 | M46: 16.014163 | N46: 0 | O46: 0 | P46: 16.014163 | Q46: 0 | R46: 0 | S46: 10.681447 | T46: 0 | U46: 62.455236 | V46: 1.17 | W46: 15.21 | X46: 0 | Y46: 0 | Z46: 15.21 | AA46: 131.31614 | AB46: 339.50026 | AC46: 322.52524 | AD46: 16.975013 | AE46: 39.926613 | AF46: 56.901626 | AG46: 0 | AH46: 360.26387 | AI46: 44.135033 | AJ46: 6.7900051 | AK46: 1.6975013 | AL46: 52.62254 | AM46: 469.78803 | AN46: 0 | AO46: 25 | AP46: 70 | AQ46: 75.166085 | AR46: 639.95412 | AU46: 6 | AV46: 2.5 | AW46: 0 | AX46: 8 | AY46: 36 | AZ46: 15.613809 | BA46: 8.0070815 | BB46: 0 | BC46: 17.615579 | BD46: 90.079667 | BE46: 131.31614
A47: CHRS_PPC0019 | B47: DIAKIKADILA MPOFI ANDRE | C47: FITTER | E47: 544100225559809 | F47: EBCDC | G47: 2 | I47: 13 | J47: 16.014163 | K47: 208.18412 | L47: 0 | M47: 16.014163 | N47: 0 | O47: 0 | P47: 16.014163 | Q47: 0 | R47: 0 | S47: 10.681447 | T47: 0 | U47: 62.455236 | V47: 1.17 | W47: 15.21 | X47: 0 | Y47: 0 | Z47: 15.21 | AA47: 131.31614 | AB47: 339.50026 | AC47: 322.52524 | AD47: 16.975013 | AE47: 38.329548 | AF47: 55.304561 | AG47: 0 | AH47: 361.86093 | AI47: 44.135033 | AJ47: 6.7900051 | AK47: 1.6975013 | AL47: 52.62254 | AM47: 469.78803 | AN47: 0 | AO47: 25 | AP47: 70 | AQ47: 75.166085 | AR47: 639.95412 | AU47: 6 | AV47: 2.5 | AW47: 0 | AX47: 8 | AY47: 36 | AZ47: 15.613809 | BA47: 8.0070815 | BB47: 0 | BC47: 17.615579 | BD47: 90.079667 | BE47: 131.31614
A48: CHRS_PPC0100 | B48: NSEKA MAKUMBU | C48: FITTER AND DRIVER CRANE OPERATOR | G48: 0 | I48: 11 | J48: 16.014163 | K48: 176.15579 | L48: 0 | M48: 16.014163 | N48: 0 | O48: 0 | P48: 16.014163 | Q48: 0 | R48: 0 | S48: 10.681447 | T48: 0 | U48: 52.846738 | V48: 1.17 | W48: 12.87 | X48: 6 | Y48: 7.02 | Z48: 19.89 | AA48: 306.57113 | AB48: 482.72693 | AC48: 458.59058 | AD48: 24.136346 | AE48: 60.336413 | AF48: 84.47276 | AG48: 0 | AH48: 470.99091 | AI48: 62.754501 | AJ48: 9.6545386 | AK48: 2.4136346 | AL48: 74.822674 | AM48: 630.28634 | AN48: 0 | AO48: 25 | AP48: 70 | AQ48: 100.84581 | AR48: 826.13216 | AU48: 13.5 | AV48: 8.5 | AW48: 61 | AX48: 0 | AY48: 0 | AZ48: 35.13107 | BA48: 27.224077 | BB48: 244.21599 | BC48: 0 | BD48: 0 | BE48: 306.57113
A49: CHRS_PPC0064 | B49: MAZELE NKOSI AUGUSTIN | C49: FITTER MECHANICAL FABRICATION | E49: 544200187097655 | F49: EBCDC | G49: 2 | I49: 11 | J49: 12.541338 | K49: 137.95472 | L49: 0 | M49: 12.541338 | N49: 0 | O49: 0 | P49: 12.541338 | Q49: 0 | R49: 0 | S49: 8.3650724 | T49: 0 | U49: 41.386415 | V49: 1.17 | W49: 12.87 | X49: 6 | Y49: 7.02 | Z49: 19.89 | AA49: 193.92044 | AB49: 331.87516 | AC49: 315.2814 | AD49: 16.593758 | AE49: 37.286434 | AF49: 53.880192 | AG49: 0 | AH49: 339.27138 | AI49: 43.14377 | AJ49: 6.6375031 | AK49: 1.6593758 | AL49: 51.440649 | AM49: 444.59222 | AN49: 0 | AO49: 25 | AP49: 70 | AQ49: 71.134755 | AR49: 610.72697 | AU49: 13 | AV49: 3 | AW49: 51 | AX49: 0 | AY49: 0 | AZ49: 26.493576 | BA49: 7.5248028 | BB49: 159.90206 | BC49: 0 | BD49: 0 | BE49: 193.92044
A50: CHRS_PPC0012 | B50: BILONGO LUKOMBO Gaston | C50: HANDY MAN MECHANICAL | E50: 544200132829647 | F50: EBCDC | G50: 4 | I50: 12 | J50: 7.3321002 | K50: 87.985203 | L50: 0 | M50: 7.3321002 | N50: 0 | O50: 0 | P50: 7.3321002 | Q50: 0 | R50: 0 | S50: 4.8905109 | T50: 0 | U50: 26.395561 | V50: 1.17 | W50: 14.04 | X50: 0 | Y50: 0 | Z50: 14.04 | AA50: 45.963103 | AB50: 133.94831 | AC50: 127.25089 | AD50: 6.6974153 | AE50: 9.7846229 | AF50: 16.482038 | AG50: 0 | AH50: 157.90183 | AI50: 17.41328 | AJ50: 2.6789661 | AK50: 0.66974153 | AL50: 20.761987 | AM50: 195.14585 | AN50: 0 | AO50: 25 | AP50: 70 | AQ50: 31.223337 | AR50: 321.36919 | AU50: 15.5 | AV50: 5 | AW50: 11 | AX50: 0 | AY50: 0 | AZ50: 18.467727 | BA50: 7.3321002 | BB50: 20.163276 | BC50: 0 | BD50: 0 | BE50: 45.963103
A51: CHRS_PPC0046 | B51: LUZOLO MVIBUDULU Trésor | C51: HANDY MAN MECHANICAL | E51: 544200137675573 | F51: EBCDC | G51: 4 | I51: 12 | J51: 7.3321002 | K51: 87.985203 | L51: 0 | M51: 7.3321002 | N51: 0 | O51: 0 | P51: 7.3321002 | Q51: 0 | R51: 0 | S51: 4.8905109 | T51: 0 | U51: 26.395561 | V51: 1.17 | W51: 14.04 | X51: 0 | Y51: 0 | Z51: 14.04 | AA51: 49.308374 | AB51: 137.29358 | AC51: 130.4289 | AD51: 6.8646788 | AE51: 10.223188 | AF51: 17.087867 | AG51: 0 | AH51: 160.64127 | AI51: 17.848165 | AJ51: 2.7458715 | AK51: 0.68646788 | AL51: 21.280504 | AM51: 199.00964 | AN51: 0 | AO51: 25 | AP51: 70 | AQ51: 31.841543 | AR51: 325.85118 | AU51: 0 | AV51: 0 | AW51: 0 | AX51: 8 | AY51: 36 | AZ51: 0 | BA51: 0 | BB51: 0 | BC51: 8.0653103 | BD51: 41.243064 | BE51: 49.308374
A52: CHRS_PPC0010 | B52: BETADI BUTUASILUA ESPOIR | C52: HANDYMAN | E52: 844200062812366 | F52: EBCDC | G52: 0 | I52: 13 | J52: 7.3321002 | K52: 95.317303 | L52: 0 | M52: 7.3321002 | N52: 0 | O52: 0 | P52: 7.3321002 | Q52: 0 | R52: 0 | S52: 4.8905109 | T52: 0 | U52: 28.595191 | V52: 1.17 | W52: 15.21 | X52: 0 | Y52: 0 | Z52: 15.21 | AA52: 49.308374 | AB52: 144.62568 | AC52: 137.39439 | AD52: 7.2312839 | AE52: 12.156985 | AF52: 19.388269 | AG52: 0 | AH52: 169.0426 | AI52: 18.801338 | AJ52: 2.8925135 | AK52: 0.72312839 | AL52: 22.41698 | AM52: 210.84785 | AN52: 0 | AO52: 25 | AP52: 70 | AQ52: 33.735656 | AR52: 339.5835 | AU52: 0 | AV52: 0 | AW52: 0 | AX52: 8 | AY52: 36 | AZ52: 0 | BA52: 0 | BB52: 0 | BC52: 8.0653103 | BD52: 41.243064 | BE52: 49.308374
A53: CHRS_PPC0033 | B53: KISOKA NDONGALA GUYLAIN | C53: HANDYMAN | E53: 844200062656875 | F53: EBCDC | G53: 0 | I53: 11 | J53: 7.3321002 | K53: 80.653103 | L53: 0 | M53: 7.3321002 | N53: 0 | O53: 0 | P53: 7.3321002 | Q53: 0 | R53: 0 | S53: 4.8905109 | T53: 0 | U53: 24.195931 | V53: 1.17 | W53: 12.87 | X53: 1 | Y53: 1.17 | Z53: 14.04 | AA53: 18.284425 | AB53: 98.937527 | AC53: 93.990651 | AD53: 4.9468764 | AE53: 5.6464238 | AF53: 10.5933 | AG53: 0 | AH53: 126.58016 | AI53: 12.861879 | AJ53: 1.9787505 | AK53: 0.49468764 | AL53: 15.335317 | AM53: 152.50877 | AN53: 0 | AO53: 25 | AP53: 70 | AQ53: 24.401404 | AR53: 271.91018 | AU53: 13.5 | AV53: 1.5 | AW53: 0 | AX53: 0 | AY53: 0 | AZ53: 16.084795 | BA53: 2.1996301 | BB53: 0 | BC53: 0 | BD53: 0 | BE53: 18.284425
A54: CHRS_PPC0087 | B54: NDUMBA MAYUNDA Aristote | C54: HANDYMAN | E54: 544100233711689 | F54: EBCDC | G54: 0 | I54: 11 | J54: 7.3321002 | K54: 80.653103 | L54: 0 | M54: 7.3321002 | N54: 0 | O54: 0 | P54: 7.3321002 | Q54: 0 | R54: 0 | S54: 4.8905109 | T54: 0 | U54: 24.195931 | V54: 1.17 | W54: 12.87 | X54: 1 | Y54: 1.17 | Z54: 14.04 | AA54: 65.115007 | AB54: 145.76811 | AC54: 138.4797 | AD54: 7.2884055 | AE54: 12.319782 | AF54: 19.608187 | AG54: 0 | AH54: 164.39585 | AI54: 18.949854 | AJ54: 2.9153622 | AK54: 0.72884055 | AL54: 22.594057 | AM54: 206.5981 | AN54: 0 | AO54: 25 | AP54: 70 | AQ54: 33.055696 | AR54: 334.65379 | AU54: 15.17 | AV54: 15.5 | AW54: 11.5 | AX54: 2.83 | AY54: 0.33 | AZ54: 18.074544 | BA54: 22.729511 | BB54: 21.079788 | BC54: 2.8531035 | BD54: 0.37806142 | BE54: 65.115007
A55: CHRS_PPC0044 | B55: LUTETE MALU DAVOLY | C55: HANDYMAN | E55: 05126-01194181001-89 | F55: RAWBANK | G55: 0 | I55: 13 | J55: 7.3321002 | K55: 95.317303 | L55: 0 | M55: 7.3321002 | N55: 0 | O55: 0 | P55: 7.3321002 | Q55: 0 | R55: 0 | S55: 4.8905109 | T55: 0 | U55: 28.595191 | V55: 1.17 | W55: 15.21 | X55: 0 | Y55: 0 | Z55: 15.21 | AA55: 67.088717 | AB55: 162.40602 | AC55: 154.28572 | AD55: 8.120301 | AE55: 14.690684 | AF55: 22.810985 | AG55: 0 | AH55: 183.40023 | AI55: 21.112783 | AJ55: 3.2481204 | AK55: 0.8120301 | AL55: 25.172933 | AM55: 231.38414 | AN55: 0 | AO55: 25 | AP55: 70 | AQ55: 37.021463 | AR55: 363.40561 | AU55: 6 | AV55: 1 | AW55: 0 | AX55: 8 | AY55: 44 | AZ55: 7.1487977 | BA55: 1.46642 | BB55: 0 | BC55: 8.0653103 | BD55: 50.408189 | BE55: 67.088717
A56: CHRS_PPC0066 | B56: MBALA LUZUAKI Barthy | C56: HANDYMAN | E56: 544100195730369 | F56: EBCDC | G56: 0 | I56: 13 | J56: 7.3321002 | K56: 95.317303 | L56: 0 | M56: 7.3321002 | N56: 0 | O56: 0 | P56: 7.3321002 | Q56: 0 | R56: 0 | S56: 4.8905109 | T56: 0 | U56: 28.595191 | V56: 1.17 | W56: 15.21 | X56: 0 | Y56: 0 | Z56: 15.21 | AA56: 49.308374 | AB56: 144.62568 | AC56: 137.39439 | AD56: 7.2312839 | AE56: 12.156985 | AF56: 19.388269 | AG56: 0 | AH56: 169.0426 | AI56: 18.801338 | AJ56: 2.8925135 | AK56: 0.72312839 | AL56: 22.41698 | AM56: 210.84785 | AN56: 0 | AO56: 25 | AP56: 70 | AQ56: 33.735656 | AR56: 339.5835 | AU56: 0 | AV56: 0 | AW56: 0 | AX56: 8 | AY56: 36 | AZ56: 0 | BA56: 0 | BB56: 0 | BC56: 8.0653103 | BD56: 41.243064 | BE56: 49.308374
A57: CHRS_PPC0107 | B57: NZOLANTIMA TEKADIOMONA | C57: HANDYMAN FITTER | E57: 544200039117171 | F57: EBCDC | G57: 4 | I57: 11 | J57: 12.541338 | K57: 137.95472 | L57: 0 | M57: 12.541338 | N57: 0 | O57: 0 | P57: 12.541338 | Q57: 0 | R57: 0 | S57: 8.3650724 | T57: 0 | U57: 41.386415 | V57: 1.17 | W57: 12.87 | X57: 3 | Y57: 3.51 | Z57: 16.38 | AA57: 117.18313 | AB57: 255.13784 | AC57: 242.38095 | AD57: 12.756892 | AE57: 25.672571 | AF57: 38.429464 | AG57: 0 | AH57: 274.4748 | AI57: 33.16792 | AJ57: 5.1027569 | AK57: 1.2756892 | AL57: 39.546366 | AM57: 352.45062 | AN57: 0 | AO57: 25 | AP57: 70 | AQ57: 56.3921 | AR57: 503.84272 | AU57: 13.5 | AV57: 2 | AW57: 27 | AX57: 0 | AY57: 0 | AZ57: 27.51256 | BA57: 5.0165352 | BB57: 84.654031 | BC57: 0 | BD57: 0 | BE57: 117.18313
A58: CHRS_PPC0039 | B58: LUBENZO LUKAU BERTH | C58: HR SUPPORT | E58: 05126-00759367001-57 | F58: RAWBANK | G58: 0 | I58: 11 | J58: 12.541338 | K58: 137.95472 | L58: 0 | M58: 12.541338 | N58: 0 | O58: 0 | P58: 12.541338 | Q58: 0 | R58: 0 | S58: 8.3650724 | T58: 0 | U58: 41.386415 | V58: 1.17 | W58: 12.87 | X58: 0 | Y58: 0 | Z58: 12.87 | AA58: 36.487455 | AB58: 174.44217 | AC58: 165.72006 | AD58: 8.7221086 | AE58: 16.405836 | AF58: 25.127944 | AG58: 0 | AH58: 203.57064 | AI58: 22.677482 | AJ58: 3.4888434 | AK58: 0.87221086 | AL58: 27.038537 | AM58: 255.73712 | AN58: 0 | AO58: 25 | AP58: 70 | AQ58: 40.91794 | AR58: 391.65506 | AU58: 7.5 | AV58: 6 | AW58: 0 | AX58: 3 | AY58: 0.5 | AZ58: 15.284756 | BA58: 15.049606 | BB58: 0 | BC58: 5.1733019 | BD58: 0.97979203 | BE58: 36.487455
A59: CHRS_PPC0014 | B59: BITALA MAYASI FABRICE | C59: ISSUER | E59: 260000146116476 | F59: EBCDC | G59: 4 | I59: 11 | J59: 19.486988 | K59: 214.35687 | L59: 0 | M59: 19.486988 | N59: 0 | O59: 0 | P59: 19.486988 | Q59: 0 | R59: 0 | S59: 12.997821 | T59: 0 | U59: 64.307061 | V59: 1.17 | W59: 12.87 | X59: 0 | Y59: 0 | Z59: 12.87 | AA59: 42.74958 | AB59: 257.10645 | AC59: 244.25113 | AD59: 12.855323 | AE59: 25.930656 | AF59: 38.785978 | AG59: 0 | AH59: 295.49753 | AI59: 33.423839 | AJ59: 5.142129 | AK59: 1.2855323 | AL59: 39.8515 | AM59: 374.13501 | AN59: 0 | AO59: 25 | AP59: 70 | AQ59: 59.861602 | AR59: 528.99661 | AU59: 13.5 | AV59: 0 | AW59: 0 | AX59: 0 | AY59: 0 | AZ59: 42.74958 | BA59: 0 | BB59: 0 | BC59: 0 | BD59: 0 | BE59: 42.74958
A60: CHRS_PPC0058 | B60: MATONDO KONDE ABIMELEK | C60: LAB TESTER | E60: 544100123045456 | F60: EBCDC | G60: 4 | I60: 11 | J60: 9.0685128 | K60: 99.753641 | L60: 0 | M60: 9.0685128 | N60: 0 | O60: 0 | P60: 9.0685128 | Q60: 0 | R60: 0 | S60: 6.048698 | T60: 0 | U60: 29.926092 | V60: 1.17 | W60: 12.87 | X60: 1 | Y60: 1.17 | Z60: 14.04 | AA60: 13.602769 | AB60: 113.35641 | AC60: 107.68859 | AD60: 5.6678205 | AE60: 7.0850254 | AF60: 12.752846 | AG60: 0 | AH60: 144.56966 | AI60: 14.736333 | AJ60: 2.2671282 | AK60: 0.56678205 | AL60: 17.570244 | AM60: 174.89275 | AN60: 0 | AO60: 25 | AP60: 70 | AQ60: 27.982839 | AR60: 297.87559 | AU60: 0 | AV60: 0 | AW60: 6 | AX60: 0 | AY60: 0 | AZ60: 0 | BA60: 0 | BB60: 13.602769 | BC60: 0 | BD60: 0 | BE60: 13.602769
A61: CHRS_PPC0009 | B61: BAVUIDI NSIAMUNU BODRI | C61: LAB TESTER | E61: 544100123060297 | F61: EBCDC | G61: 4 | I61: 11 | J61: 9.0685128 | K61: 99.753641 | L61: 0 | M61: 9.0685128 | N61: 0 | O61: 0 | P61: 9.0685128 | Q61: 0 | R61: 0 | S61: 6.048698 | T61: 0 | U61: 29.926092 | V61: 1.17 | W61: 12.87 | X61: 3 | Y61: 3.51 | Z61: 16.38 | AA61: 83.515335 | AB61: 183.26898 | AC61: 174.10553 | AD61: 9.1634488 | AE61: 16.250563 | AF61: 25.414012 | AG61: 0 | AH61: 204.16106 | AI61: 23.824967 | AJ61: 3.6653795 | AK61: 0.91634488 | AL61: 28.406691 | AM61: 257.98176 | AN61: 0 | AO61: 25 | AP61: 70 | AQ61: 41.277082 | AR61: 394.25884 | AU61: 0 | AV61: 0 | AW61: 24 | AX61: 8 | AY61: 13.5 | AZ61: 0 | BA61: 0 | BB61: 54.411077 | BC61: 9.9753641 | BD61: 19.128894 | BE61: 83.515335
A62: CHRS_PPC0068 | B62: MBIKI MUYINDA HYPPOLITE | C62: LAVANDIER | E62: 544200031886888 | F62: EBCDC | G62: 3 | I62: 11 | J62: 7.9502631 | K62: 87.452894 | L62: 0 | M62: 7.9502631 | N62: 0 | O62: 0 | P62: 7.9502631 | Q62: 0 | R62: 0 | S62: 5.3028255 | T62: 0 | U62: 26.235868 | V62: 1.17 | W62: 12.87 | X62: 6 | Y62: 7.02 | Z62: 19.89 | AA62: 166.84621 | AB62: 254.2991 | AC62: 241.58415 | AD62: 12.714955 | AE62: 26.118321 | AF62: 38.833277 | AG62: 0 | AH62: 261.59169 | AI62: 33.058883 | AJ62: 5.0859821 | AK62: 1.2714955 | AL62: 39.416361 | AM62: 339.84133 | AN62: 0 | AO62: 25 | AP62: 70 | AQ62: 54.374613 | AR62: 489.21595 | AU62: 12.5 | AV62: 8 | AW62: 69.42 | AX62: 0 | AY62: 0 | AZ62: 16.148972 | BA62: 12.720421 | BB62: 137.97682 | BC62: 0 | BD62: 0 | BE62: 166.84621
A63: CHRS_PPC0018 | B63: BOYENGE SAVUVU | C63: LIMESTONE CRUSHING PATROLLING | E63: 544200185847325 | F63: EBCDC | G63: 0 | I63: 13 | J63: 4.5538401 | K63: 59.199921 | L63: 0 | M63: 4.5538401 | N63: 0 | O63: 0 | P63: 4.5538401 | Q63: 0 | R63: 0 | S63: 3.0374114 | T63: 0 | U63: 17.759976 | V63: 1.17 | W63: 15.21 | X63: 0 | Y63: 0 | Z63: 15.21 | AA63: 32.588418 | AB63: 91.78834 | AC63: 87.198923 | AD63: 4.589417 | AE63: 4.6276645 | AF63: 9.2170815 | AG63: 0 | AH63: 115.54123 | AI63: 11.932484 | AJ63: 1.8357668 | AK63: 0.4589417 | AL63: 14.227193 | AM63: 138.98551 | AN63: 0 | AO63: 25 | AP63: 70 | AQ63: 22.237681 | AR63: 256.22319 | AU63: 0 | AV63: 0 | AW63: 0 | AX63: 10 | AY63: 37 | AZ63: 0 | BA63: 0 | BB63: 0 | BC63: 6.2615302 | BD63: 26.326888 | BE63: 32.588418
A64: CHRS_PPC0043 | B64: LUSAVUVU KIANGEBENI | C64: LIMESTONE CRUSHING PATROLLING | E64: 544200185982543 | F64: EBCDC | G64: 1 | I64: 13 | J64: 4.5538401 | K64: 59.199921 | L64: 0 | M64: 4.5538401 | N64: 0 | O64: 0 | P64: 4.5538401 | Q64: 0 | R64: 0 | S64: 3.0374114 | T64: 0 | U64: 17.759976 | V64: 1.17 | W64: 15.21 | X64: 0 | Y64: 0 | Z64: 15.21 | AA64: 30.624575 | AB64: 89.824496 | AC64: 85.333271 | AD64: 4.4912248 | AE64: 4.2608605 | AF64: 8.7520853 | AG64: 0 | AH64: 114.04239 | AI64: 11.677185 | AJ64: 1.7964899 | AK64: 0.44912248 | AL64: 13.922797 | AM64: 136.71727 | AN64: 0 | AO64: 25 | AP64: 70 | AQ64: 21.874763 | AR64: 253.59203 | AU64: 0 | AV64: 0 | AW64: 0 | AX64: 8 | AY64: 36 | AZ64: 0 | BA64: 0 | BB64: 0 | BC64: 5.0092241 | BD64: 25.615351 | BE64: 30.624575
A65: CHRS_PPC0091 | B65: NGINDU FUKA LIEVIN | C65: LIMESTONE CRUSHING PATROLLING | E65: 05126-01148956001-25 | F65: RAWBANK | G65: 1 | I65: 12 | J65: 4.5538401 | K65: 54.646081 | L65: 0 | M65: 4.5538401 | N65: 0 | O65: 0 | P65: 4.5538401 | Q65: 0 | R65: 0 | S65: 3.0374114 | T65: 0 | U65: 16.393824 | V65: 1.17 | W65: 14.04 | X65: 0 | Y65: 0 | Z65: 14.04 | AA65: 30.624575 | AB65: 85.270656 | AC65: 81.007123 | AD65: 4.2635328 | AE65: 3.6249167 | AF65: 7.8884495 | AG65: 0 | AH65: 107.81603 | AI65: 11.085185 | AJ65: 1.7054131 | AK65: 0.42635328 | AL65: 13.216952 | AM65: 128.92143 | AN65: 0 | AO65: 25 | AP65: 70 | AQ65: 20.627429 | AR65: 244.54886 | AU65: 0 | AV65: 0 | AW65: 0 | AX65: 8 | AY65: 36 | AZ65: 0 | BA65: 0 | BB65: 0 | BC65: 5.0092241 | BD65: 25.615351 | BE65: 30.624575
A66: CHRS_PPC0002 | B66: BABEKI DIAKIESE Chris | C66: LIMESTONE CRUSHING PATROLLING | E66: 544200183230750 | F66: EBCDC | G66: 0 | I66: 13 | J66: 4.5538401 | K66: 59.199921 | L66: 0 | M66: 4.5538401 | N66: 0 | O66: 0 | P66: 4.5538401 | Q66: 0 | R66: 0 | S66: 3.0374114 | T66: 0 | U66: 17.759976 | V66: 1.17 | W66: 15.21 | X66: 0 | Y66: 0 | Z66: 15.21 | AA66: 36.316875 | AB66: 95.516796 | AC66: 90.740957 | AD66: 4.7758398 | AE66: 5.1589696 | AF66: 9.9348094 | AG66: 0 | AH66: 118.55196 | AI66: 12.417184 | AJ66: 1.9103359 | AK66: 0.47758398 | AL66: 14.805103 | AM66: 143.29188 | AN66: 0 | AO66: 25 | AP66: 70 | AQ66: 22.9267 | AR66: 261.21858 | AU66: 0 | AV66: 0 | AW66: 0 | AX66: 8 | AY66: 44 | AZ66: 0 | BA66: 0 | BB66: 0 | BC66: 5.0092241 | BD66: 31.307651 | BE66: 36.316875
A67: CHRS_PPC0104 | B67: NTALA MBOTE CHIRAC | C67: LUBRICATOR SUPERVISOR | E67: 544100184539673 | F67: EBCDC | G67: 1 | I67: 11 | J67: 12.541338 | K67: 137.95472 | L67: 0 | M67: 12.541338 | N67: 0 | O67: 0 | P67: 12.541338 | Q67: 0 | R67: 0 | S67: 8.3650724 | T67: 0 | U67: 41.386415 | V67: 1.17 | W67: 12.87 | X67: 1 | Y67: 1.17 | Z67: 14.04 | AA67: 26.650343 | AB67: 164.60506 | AC67: 156.37481 | AD67: 8.230253 | AE67: 14.703966 | AF67: 22.934219 | AG67: 0 | AH67: 197.09726 | AI67: 21.398658 | AJ67: 3.2921012 | AK67: 0.8230253 | AL67: 25.513784 | AM67: 245.54526 | AN67: 0 | AO67: 25 | AP67: 70 | AQ67: 39.287242 | AR67: 379.8325 | AU67: 0 | AV67: 0 | AW67: 8.5 | AX67: 0 | AY67: 0 | AZ67: 0 | BA67: 0 | BB67: 26.650343 | BC67: 0 | BD67: 0 | BE67: 26.650343
A68: CHRS_PPC0028 | B68: KANGUFU MABENGI DIEU | C68: LUBRIFICATOR HANDYMAN | E68: 844200061551560 | F68: EBCDC | G68: 3 | I68: 11 | J68: 7.3321002 | K68: 80.653103 | L68: 0 | M68: 7.3321002 | N68: 0 | O68: 0 | P68: 7.3321002 | Q68: 0 | R68: 0 | S68: 4.8905109 | T68: 0 | U68: 24.195931 | V68: 1.17 | W68: 12.87 | X68: 1 | Y68: 1.17 | Z68: 14.04 | AA68: 28.91597 | AB68: 109.56907 | AC68: 104.09062 | AD68: 5.4784536 | AE68: 6.7317338 | AF68: 12.210187 | AG68: 0 | AH68: 135.59482 | AI68: 14.243979 | AJ68: 2.1913815 | AK68: 0.54784536 | AL68: 16.983206 | AM68: 164.78821 | AN68: 0 | AO68: 25 | AP68: 70 | AQ68: 26.366114 | AR68: 286.15432 | AU68: 13.5 | AV68: 0 | AW68: 7 | AX68: 0 | AY68: 0 | AZ68: 16.084795 | BA68: 0 | BB68: 12.831175 | BC68: 0 | BD68: 0 | BE68: 28.91597
A69: CHRS_PPC0052 | B69: MAMPUYA LUTOMASANSA Hugor | C69: MECHANICAL | E69: 05126-01180964001-11 | F69: RAWBANK | G69: 2 | I69: 10 | J69: 12.541338 | K69: 125.41338 | L69: 0 | M69: 12.541338 | N69: 0 | O69: 0 | P69: 12.541338 | Q69: 0 | R69: 0 | S69: 8.3650724 | T69: 0 | U69: 37.624014 | V69: 1.17 | W69: 11.7 | X69: 5 | Y69: 5.85 | Z69: 17.55 | AA69: 186.47402 | AB69: 311.8874 | AC69: 296.29303 | AD69: 15.59437 | AE69: 34.552109 | AF69: 50.146479 | AG69: 0 | AH69: 316.91493 | AI69: 40.545362 | AJ69: 6.237748 | AK69: 1.559437 | AL69: 48.342547 | AM69: 415.40396 | AN69: 0 | AO69: 25 | AP69: 70 | AQ69: 66.464633 | AR69: 576.86859 | AU69: 13.5 | AV69: 1.5 | AW69: 49.5 | AX69: 0 | AY69: 0 | AZ69: 27.51256 | BA69: 3.7624014 | BB69: 155.19906 | BC69: 0 | BD69: 0 | BE69: 186.47402
A70: CHRS_PPC0113 | B70: SANDABA NZAYILADIO BODRICK | C70: MECHANICAL LUBRIFICATOR | E70: 544200130372443 | F70: EBCDC | G70: 1 | I70: 10 | J70: 12.541338 | K70: 125.41338 | L70: 0 | M70: 12.541338 | N70: 0 | O70: 0 | P70: 12.541338 | Q70: 0 | R70: 0 | S70: 8.3650724 | T70: 0 | U70: 37.624014 | V70: 1.17 | W70: 11.7 | X70: 1 | Y70: 1.17 | Z70: 12.87 | AA70: 52.673619 | AB70: 178.087 | AC70: 169.18265 | AD70: 8.9043499 | AE70: 16.586719 | AF70: 25.491069 | AG70: 0 | AH70: 203.08994 | AI70: 23.15131 | AJ70: 3.56174 | AK70: 0.89043499 | AL70: 27.603485 | AM70: 256.1845 | AN70: 0 | AO70: 25 | AP70: 70 | AQ70: 40.98952 | AR70: 392.17402 | AU70: 12 | AV70: 2.5 | AW70: 7 | AX70: 0 | AY70: 0 | AZ70: 24.455609 | BA70: 6.270669 | BB70: 21.947341 | BC70: 0 | BD70: 0 | BE70: 52.673619
A71: CHRS_PPC0022 | B71: DIBANTESA DIENAYAME SERGE | C71: PACKER OPERATOR | E71: 544200035352989 | F71: EBCDC | G71: 1 | I71: 13 | J71: 13.201175 | K71: 171.61527 | L71: 0 | M71: 13.201175 | N71: 0 | O71: 0 | P71: 13.201175 | Q71: 0 | R71: 0 | S71: 8.8051835 | T71: 0 | U71: 51.484581 | V71: 1.17 | W71: 15.21 | X71: 0 | Y71: 0 | Z71: 15.21 | AA71: 94.470907 | AB71: 266.08618 | AC71: 252.78187 | AD71: 13.304309 | AE71: 28.875804 | AF71: 42.180113 | AG71: 0 | AH71: 290.60065 | AI71: 34.591203 | AJ71: 5.3217236 | AK71: 1.3304309 | AL71: 41.243358 | AM71: 374.02412 | AN71: 0 | AO71: 25 | AP71: 70 | AQ71: 59.843859 | AR71: 528.86798 | AU71: 0 | AV71: 0 | AW71: 0 | AX71: 10 | AY71: 37 | AZ71: 0 | BA71: 0 | BB71: 0 | BC71: 18.151615 | BD71: 76.319291 | BE71: 94.470907
A72: CHRS_PPC0098 | B72: NLEMVO LUKEMBESA MITTERRAND | C72: PACKER OPERATOR | E72: 544200035354056 | F72: EBCDC | G72: 2 | I72: 13 | J72: 13.201175 | K72: 171.61527 | L72: 0 | M72: 13.201175 | N72: 0 | O72: 0 | P72: 13.201175 | Q72: 0 | R72: 0 | S72: 8.8051835 | T72: 0 | U72: 51.484581 | V72: 1.17 | W72: 15.21 | X72: 0 | Y72: 0 | Z72: 15.21 | AA72: 88.7779 | AB72: 260.39317 | AC72: 247.37351 | AD72: 13.019659 | AE72: 27.507699 | AF72: 40.527357 | AG72: 0 | AH72: 286.5604 | AI72: 33.851112 | AJ72: 5.2078634 | AK72: 1.3019659 | AL72: 40.360942 | AM72: 367.44869 | AN72: 0 | AO72: 25 | AP72: 70 | AQ72: 58.791791 | AR72: 521.24049 | AU72: 0 | AV72: 0 | AW72: 0 | AX72: 8 | AY72: 36 | AZ72: 0 | BA72: 0 | BB72: 0 | BC72: 14.521292 | BD72: 74.256608 | BE72: 88.7779
A73: CHRS_PPC0097 | B73: NKUNKU NDOMBASI TRESOR | C73: PACKER OPERATOR | E73: 260000143698751 | F73: EBCDC | G73: 4 | I73: 13 | J73: 13.201175 | K73: 171.61527 | L73: 0 | M73: 13.201175 | N73: 0 | O73: 0 | P73: 13.201175 | Q73: 0 | R73: 0 | S73: 8.8051835 | T73: 0 | U73: 51.484581 | V73: 1.17 | W73: 15.21 | X73: 0 | Y73: 0 | Z73: 15.21 | AA73: 105.27937 | AB73: 276.89464 | AC73: 263.04991 | AD73: 13.844732 | AE73: 28.524887 | AF73: 42.369619 | AG73: 0 | AH73: 301.2196 | AI73: 35.996303 | AJ73: 5.5378928 | AK73: 1.3844732 | AL73: 42.918669 | AM73: 386.50789 | AN73: 0 | AO73: 25 | AP73: 70 | AQ73: 61.841262 | AR73: 543.34915 | AU73: 0 | AV73: 0 | AW73: 0 | AX73: 8 | AY73: 44 | AZ73: 0 | BA73: 0 | BB73: 0 | BC73: 14.521292 | BD73: 90.758076 | BE73: 105.27937
A74: CHRS_PPC0081 | B74: MVUMBU MVUMBU BARBEAU | C74: PACKER OPERATOR | E74: 260000143675374 | F74: EBCDC | G74: 3 | I74: 12 | J74: 13.201175 | K74: 158.4141 | L74: 0 | M74: 13.201175 | N74: 0 | O74: 0 | P74: 13.201175 | Q74: 0 | R74: 0 | S74: 8.8051835 | T74: 0 | U74: 47.524229 | V74: 1.17 | W74: 14.04 | X74: 0 | Y74: 0 | Z74: 14.04 | AA74: 88.7779 | AB74: 247.192 | AC74: 234.8324 | AD74: 12.3596 | AE74: 25.166324 | AF74: 37.525924 | AG74: 0 | AH74: 271.2303 | AI74: 32.13496 | AJ74: 4.9438399 | AK74: 1.23596 | AL74: 38.314759 | AM74: 347.07099 | AN74: 0 | AO74: 25 | AP74: 70 | AQ74: 55.531358 | AR74: 497.60234 | AU74: 0 | AV74: 0 | AW74: 0 | AX74: 8 | AY74: 36 | AZ74: 0 | BA74: 0 | BB74: 0 | BC74: 14.521292 | BD74: 74.256608 | BE74: 88.7779
A75: CHRS_PPC0056 | B75: MANZAMBI SIMON JUSMI | C75: PACKER OPERATOR | E75: 544200098770425 | F75: EBCDC | G75: 4 | I75: 13 | J75: 12.541338 | K75: 163.03739 | L75: 0 | M75: 12.541338 | N75: 0 | O75: 0 | P75: 12.541338 | Q75: 0 | R75: 0 | S75: 8.3650724 | T75: 0 | U75: 48.911218 | V75: 1.17 | W75: 15.21 | X75: 0 | Y75: 0 | Z75: 15.21 | AA75: 84.340498 | AB75: 247.37789 | AC75: 235.009 | AD75: 12.368895 | AE75: 24.655242 | AF75: 37.024136 | AG75: 0 | AH75: 274.47497 | AI75: 32.159126 | AJ75: 4.9475578 | AK75: 1.2368895 | AL75: 38.343573 | AM75: 349.84268 | AN75: 0 | AO75: 25 | AP75: 70 | AQ75: 55.974829 | AR75: 500.81751 | AU75: 0 | AV75: 0 | AW75: 0 | AX75: 8 | AY75: 36 | AZ75: 0 | BA75: 0 | BB75: 0 | BC75: 13.795472 | BD75: 70.545026 | BE75: 84.340498
A76: CHRS_PPC0061 | B76: MAVAKALA NKEMBI KASONGO | C76: PACKER OPERATOR | E76: 05126-01054041001-70 | F76: RAWBANK | G76: 0 | I76: 12 | J76: 12.541338 | K76: 150.49606 | L76: 0 | M76: 12.541338 | N76: 0 | O76: 0 | P76: 12.541338 | Q76: 0 | R76: 0 | S76: 8.3650724 | T76: 0 | U76: 45.148817 | V76: 1.17 | W76: 14.04 | X76: 0 | Y76: 0 | Z76: 14.04 | AA76: 84.340498 | AB76: 234.83655 | AC76: 223.09473 | AD76: 11.741828 | AE76: 25.012035 | AF76: 36.753863 | AG76: 0 | AH76: 257.27151 | AI76: 30.528752 | AJ76: 4.6967311 | AK76: 1.1741828 | AL76: 36.399666 | AM76: 330.42504 | AN76: 0 | AO76: 25 | AP76: 70 | AQ76: 52.868006 | AR76: 478.29304 | AU76: 0 | AV76: 0 | AW76: 0 | AX76: 8 | AY76: 36 | AZ76: 0 | BA76: 0 | BB76: 0 | BC76: 13.795472 | BD76: 70.545026 | BE76: 84.340498
A77: CHRS_PPC0108 | B77: NZUANGU NZUANGU MARDOCHEE | C77: PACKER OPERATOR | E77: 544200213264181 | F77: EBCDC | G77: 0 | I77: 13 | J77: 12.541338 | K77: 163.03739 | L77: 0 | M77: 12.541338 | N77: 0 | O77: 0 | P77: 12.541338 | Q77: 0 | R77: 0 | S77: 8.3650724 | T77: 0 | U77: 48.911218 | V77: 1.17 | W77: 15.21 | X77: 0 | Y77: 0 | Z77: 15.21 | AA77: 100.01717 | AB77: 263.05456 | AC77: 249.90184 | AD77: 13.152728 | AE77: 29.033101 | AF77: 42.18583 | AG77: 0 | AH77: 284.98995 | AI77: 34.197093 | AJ77: 5.2610913 | AK77: 1.3152728 | AL77: 40.773457 | AM77: 367.94924 | AN77: 0 | AO77: 25 | AP77: 70 | AQ77: 58.871878 | AR77: 521.82112 | AU77: 0 | AV77: 0 | AW77: 0 | AX77: 8 | AY77: 44 | AZ77: 0 | BA77: 0 | BB77: 0 | BC77: 13.795472 | BD77: 86.221698 | BE77: 100.01717
A78: CHRS_PPC0020 | B78: DIANANI KAYOKA Junior | C78: PACKER OPERATOR | E78: 544200133117931 | F78: EBCDC | G78: 0 | I78: 10 | J78: 12.541338 | K78: 125.41338 | L78: 0 | M78: 12.541338 | N78: 0 | O78: 0 | P78: 12.541338 | Q78: 0 | R78: 0 | S78: 8.3650724 | T78: 0 | U78: 37.624014 | V78: 1.17 | W78: 11.7 | X78: 0 | Y78: 0 | Z78: 11.7 | AA78: 52.987153 | AB78: 178.40053 | AC78: 169.48051 | AD78: 8.9200266 | AE78: 16.969902 | AF78: 25.889929 | AG78: 0 | AH78: 201.83462 | AI78: 23.192069 | AJ78: 3.5680106 | AK78: 0.89200266 | AL78: 27.652082 | AM78: 255.37663 | AN78: 0 | AO78: 25 | AP78: 70 | AQ78: 40.860261 | AR78: 391.23689 | AU78: 0 | AV78: 0 | AW78: 0 | AX78: 8 | AY78: 20 | AZ78: 0 | BA78: 0 | BB78: 0 | BC78: 13.795472 | BD78: 39.191681 | BE78: 52.987153
A79: CHRS_PPC0006 | B79: BASINSA LUSUNGAMA EDSON | C79: PACKER OPERATOR | E79: 544100020595414 | F79: EBCDC | G79: 3 | I79: 13 | J79: 12.541338 | K79: 163.03739 | L79: 0 | M79: 12.541338 | N79: 0 | O79: 0 | P79: 12.541338 | Q79: 0 | R79: 0 | S79: 8.3650724 | T79: 0 | U79: 48.911218 | V79: 1.17 | W79: 15.21 | X79: 0 | Y79: 0 | Z79: 15.21 | AA79: 89.74895 | AB79: 252.78634 | AC79: 240.14703 | AD79: 12.639317 | AE79: 25.915687 | AF79: 38.555004 | AG79: 0 | AH79: 278.35256 | AI79: 32.862225 | AJ79: 5.0557269 | AK79: 1.2639317 | AL79: 39.181883 | AM79: 356.08944 | AN79: 0 | AO79: 25 | AP79: 70 | AQ79: 56.974311 | AR79: 508.06376 | AU79: 0 | AV79: 0 | AW79: 0 | AX79: 10 | AY79: 37 | AZ79: 0 | BA79: 0 | BB79: 0 | BC79: 17.24434 | BD79: 72.50461 | BE79: 89.74895
A80: CHRS_PPC0026 | B80: KALENGA MUTUKU Joél | C80: PACKER OPERATOR | E80: 544200132372389 | F80: EBCDC | G80: 3 | I80: 13 | J80: 12.541338 | K80: 163.03739 | L80: 0 | M80: 12.541338 | N80: 0 | O80: 0 | P80: 12.541338 | Q80: 0 | R80: 0 | S80: 8.3650724 | T80: 0 | U80: 48.911218 | V80: 1.17 | W80: 15.21 | X80: 0 | Y80: 0 | Z80: 15.21 | AA80: 84.340498 | AB80: 247.37789 | AC80: 235.009 | AD80: 12.368895 | AE80: 25.191225 | AF80: 37.56012 | AG80: 0 | AH80: 273.93899 | AI80: 32.159126 | AJ80: 4.9475578 | AK80: 1.2368895 | AL80: 38.343573 | AM80: 349.84268 | AN80: 0 | AO80: 25 | AP80: 70 | AQ80: 55.974829 | AR80: 500.81751 | AU80: 0 | AV80: 0 | AW80: 0 | AX80: 8 | AY80: 36 | AZ80: 0 | BA80: 0 | BB80: 0 | BC80: 13.795472 | BD80: 70.545026 | BE80: 84.340498
A81: CHRS_PPC0037 | B81: LITOKE MANGUBU BENJAMIN | C81: PACKER OPERATOR | E81: 544200135243201 | F81: EBCDC | G81: 0 | I81: 12 | J81: 12.541338 | K81: 150.49606 | L81: 0 | M81: 12.541338 | N81: 0 | O81: 0 | P81: 12.541338 | Q81: 0 | R81: 0 | S81: 8.3650724 | T81: 0 | U81: 45.148817 | V81: 1.17 | W81: 14.04 | X81: 0 | Y81: 0 | Z81: 14.04 | AA81: 84.340498 | AB81: 234.83655 | AC81: 223.09473 | AD81: 11.741828 | AE81: 25.012035 | AF81: 36.753863 | AG81: 0 | AH81: 257.27151 | AI81: 30.528752 | AJ81: 4.6967311 | AK81: 1.1741828 | AL81: 36.399666 | AM81: 330.42504 | AN81: 0 | AO81: 25 | AP81: 70 | AQ81: 52.868006 | AR81: 478.29304 | AU81: 0 | AV81: 0 | AW81: 0 | AX81: 8 | AY81: 36 | AZ81: 0 | BA81: 0 | BB81: 0 | BC81: 13.795472 | BD81: 70.545026 | BE81: 84.340498
A82: CHRS_PPC0099 | B82: NSAYOLO MPETI ROCK | C82: PACKER OPERATOR | E82: 260000129076680 | F82: EBCDC | G82: 1 | J82: 14.277751 | K82: 0 | L82: 0 | M82: 14.277751 | N82: 0 | O82: 0 | P82: 14.277751 | Q82: 0 | R82: 0 | S82: 9.5232596 | T82: 0 | U82: 0 | V82: 1.17 | W82: 0 | X82: 0 | Y82: 0 | Z82: 0 | AA82: 0 | AB82: 0 | AC82: 0 | AD82: 0 | AE82: 0.98 | AF82: 0.98 | AG82: 0 | AH82: -0.98 | AI82: 0 | AJ82: 0 | AK82: 0 | AL82: 0 | AM82: 0 | AN82: 0 | AO82: 25 | AP82: 70 | AQ82: 0 | AR82: 95 | AU82: 0 | AV82: 0 | AW82: 0 | AX82: 0 | AY82: 0 | AZ82: 0 | BA82: 0 | BB82: 0 | BC82: 0 | BD82: 0 | BE82: 0
A83: CHRS_PPC0015 | B83: BOKOLAMA MBANGA ERICK | C83: PACKER OPERATOR | E83: 260000143698557 | F83: EBCDC | G83: 2 | I83: 13 | J83: 14.277751 | K83: 185.61076 | L83: 0 | M83: 14.277751 | N83: 0 | O83: 0 | P83: 14.277751 | Q83: 0 | R83: 0 | S83: 9.5232596 | T83: 0 | U83: 55.683227 | V83: 1.17 | W83: 15.21 | X83: 0 | Y83: 0 | Z83: 15.21 | AA83: 113.86506 | AB83: 299.47582 | AC83: 284.50203 | AD83: 14.973791 | AE83: 32.854205 | AF83: 47.827996 | AG83: 0 | AH83: 322.54105 | AI83: 38.931856 | AJ83: 5.9895163 | AK83: 1.4973791 | AL83: 46.418752 | AM83: 416.7878 | AN83: 0 | AO83: 25 | AP83: 70 | AQ83: 66.686047 | AR83: 578.47384 | AU83: 0 | AV83: 0 | AW83: 0 | AX83: 8 | AY83: 44 | AZ83: 0 | BA83: 0 | BB83: 0 | BC83: 15.705526 | BD83: 98.159535 | BE83: 113.86506
A84: CHRS_PPC0079 | B84: MUVOVA ELOLO GUYLAIN | C84: PACKER OPERATOR | E84: 260000129076971 | F84: EBCDC | G84: 1 | I84: 13 | J84: 14.277751 | K84: 185.61076 | L84: 0 | M84: 14.277751 | N84: 0 | O84: 0 | P84: 14.277751 | Q84: 0 | R84: 0 | S84: 9.5232596 | T84: 0 | U84: 55.683227 | V84: 1.17 | W84: 15.21 | X84: 0 | Y84: 0 | Z84: 15.21 | AA84: 102.17515 | AB84: 287.78591 | AC84: 273.39661 | AD84: 14.389295 | AE84: 31.906172 | AF84: 46.295467 | AG84: 0 | AH84: 312.38367 | AI84: 37.412168 | AJ84: 5.7557182 | AK84: 1.4389295 | AL84: 44.606816 | AM84: 403.28595 | AN84: 0 | AO84: 25 | AP84: 70 | AQ84: 64.525752 | AR84: 562.8117 | AU84: 0 | AV84: 0 | AW84: 0 | AX84: 10 | AY84: 37 | AZ84: 0 | BA84: 0 | BB84: 0 | BC84: 19.631907 | BD84: 82.543245 | BE84: 102.17515
A85: CHRS_PPC0051 | B85: MAMBOTE DIANSOLA FABRICE | C85: PACKER OPERATOR | E85: 05126-00178481401-59 | F85: RAWBANK | G85: 3 | I85: 13 | J85: 14.277751 | K85: 185.61076 | L85: 0 | M85: 14.277751 | N85: 0 | O85: 0 | P85: 14.277751 | Q85: 0 | R85: 0 | S85: 9.5232596 | T85: 0 | U85: 55.683227 | V85: 1.17 | W85: 15.21 | X85: 0 | Y85: 0 | Z85: 15.21 | AA85: 96.017872 | AB85: 281.62863 | AC85: 267.5472 | AD85: 14.081431 | AE85: 29.779111 | AF85: 43.860543 | AG85: 0 | AH85: 308.66131 | AI85: 36.611722 | AJ85: 5.6325726 | AK85: 1.4081431 | AL85: 43.652437 | AM85: 396.17429 | AN85: 0 | AO85: 25 | AP85: 70 | AQ85: 63.387887 | AR85: 554.56218 | AU85: 0 | AV85: 0 | AW85: 0 | AX85: 8 | AY85: 36 | AZ85: 0 | BA85: 0 | BB85: 0 | BC85: 15.705526 | BD85: 80.312347 | BE85: 96.017872
A86: CHRS_PPC0060 | B86: MAVAKALA LAY JEREMIE | C86: PACKER OPERATOR | E86: 05126-00178483301-82 | F86: RAWBANK | G86: 3 | I86: 13 | J86: 14.277751 | K86: 185.61076 | L86: 0 | M86: 14.277751 | N86: 0 | O86: 0 | P86: 14.277751 | Q86: 0 | R86: 0 | S86: 9.5232596 | T86: 0 | U86: 55.683227 | V86: 1.17 | W86: 15.21 | X86: 0 | Y86: 0 | Z86: 15.21 | AA86: 113.86506 | AB86: 299.47582 | AC86: 284.50203 | AD86: 14.973791 | AE86: 32.169742 | AF86: 47.143533 | AG86: 0 | AH86: 323.22551 | AI86: 38.931856 | AJ86: 5.9895163 | AK86: 1.4973791 | AL86: 46.418752 | AM86: 416.7878 | AN86: 0 | AO86: 25 | AP86: 70 | AQ86: 66.686047 | AR86: 578.47384 | AU86: 0 | AV86: 0 | AW86: 0 | AX86: 8 | AY86: 44 | AZ86: 0 | BA86: 0 | BB86: 0 | BC86: 15.705526 | BD86: 98.159535 | BE86: 113.86506
A87: CHRS_PPC0075 | B87: MPAKA KANKU JONATHAN | C87: PARKING QUEUE SYSTEM CLERK | E87: 544100074775734 | F87: EBCDC | G87: 0 | I87: 13 | J87: 7.6793827 | K87: 99.831976 | L87: 0 | M87: 7.6793827 | N87: 0 | O87: 0 | P87: 7.6793827 | Q87: 0 | R87: 0 | S87: 5.1221483 | T87: 0 | U87: 29.949593 | V87: 1.17 | W87: 15.21 | X87: 0 | Y87: 0 | Z87: 15.21 | AA87: 79.913577 | AB87: 179.74555 | AC87: 170.75827 | AD87: 8.9872776 | AE87: 17.161567 | AF87: 26.148845 | AG87: 0 | AH87: 198.7563 | AI87: 23.366922 | AJ87: 3.594911 | AK87: 0.89872776 | AL87: 27.860561 | AM87: 252.76571 | AN87: 0 | AO87: 25 | AP87: 70 | AQ87: 40.442513 | AR87: 388.20822 | AU87: 6 | AV87: 10 | AW87: 0 | AX87: 12 | AY87: 37 | AZ87: 7.4873982 | BA87: 15.358765 | BB87: 0 | BC87: 12.670982 | BD87: 44.396431 | BE87: 79.913577
A88: CHRS_PPC0070 | B88: MBUTA KAMAYA YENS | C88: PARKING QUEUE SYSTEM CLERK | E88: 544200192199661 | F88: EBCDC | G88: 0 | I88: 12 | J88: 7.6793827 | K88: 92.152593 | L88: 0 | M88: 7.6793827 | N88: 0 | O88: 0 | P88: 7.6793827 | Q88: 0 | R88: 0 | S88: 5.1221483 | T88: 0 | U88: 27.645778 | V88: 1.17 | W88: 14.04 | X88: 0 | Y88: 0 | Z88: 14.04 | AA88: 51.643849 | AB88: 143.79644 | AC88: 136.60662 | AD88: 7.1898221 | AE88: 12.038819 | AF88: 19.228641 | AG88: 0 | AH88: 166.25358 | AI88: 18.693537 | AJ88: 2.8759288 | AK88: 0.71898221 | AL88: 22.288448 | AM88: 207.77067 | AN88: 0 | AO88: 25 | AP88: 70 | AQ88: 33.243307 | AR88: 336.01398 | AU88: 0 | AV88: 0 | AW88: 0 | AX88: 8 | AY88: 36 | AZ88: 0 | BA88: 0 | BB88: 0 | BC88: 8.447321 | BD88: 43.196528 | BE88: 51.643849
A89: CHRS_PPC0094 | B89: NKAZIANGANI MAKABI ROMS | C89: PARKING FIELD MARSHALL | E89: 544200178974584 | F89: EBCDC | G89: 0 | I89: 13 | J89: 4.5538401 | K89: 59.199921 | L89: 0 | M89: 4.5538401 | N89: 0 | O89: 0 | P89: 4.5538401 | Q89: 0 | R89: 0 | S89: 3.0374114 | T89: 0 | U89: 17.759976 | V89: 1.17 | W89: 15.21 | X89: 0 | Y89: 0 | Z89: 15.21 | AA89: 30.624575 | AB89: 89.824496 | AC89: 85.333271 | AD89: 4.4912248 | AE89: 4.3478168 | AF89: 8.8390416 | AG89: 0 | AH89: 113.95543 | AI89: 11.677185 | AJ89: 1.7964899 | AK89: 0.44912248 | AL89: 13.922797 | AM89: 136.71727 | AN89: 0 | AO89: 25 | AP89: 70 | AQ89: 21.874763 | AR89: 253.59203 | AU89: 0 | AV89: 0 | AW89: 0 | AX89: 8 | AY89: 36 | AZ89: 0 | BA89: 0 | BB89: 0 | BC89: 5.0092241 | BD89: 25.615351 | BE89: 30.624575
A90: CHRS_PPC0013 | B90: BILONGO MAFUILA JEAN PIERRE | C90: PARKING QUEUE SYSTEM CLERK | E90: 544200141634434 | F90: EBCDC | G90: 0 | I90: 13 | J90: 7.6793827 | K90: 99.831976 | L90: 0 | M90: 7.6793827 | N90: 0 | O90: 0 | P90: 7.6793827 | Q90: 0 | R90: 0 | S90: 5.1221483 | T90: 0 | U90: 29.949593 | V90: 1.17 | W90: 15.21 | X90: 0 | Y90: 0 | Z90: 15.21 | AA90: 61.243077 | AB90: 161.07505 | AC90: 153.0213 | AD90: 8.0537527 | AE90: 14.501021 | AF90: 22.554774 | AG90: 0 | AH90: 183.67987 | AI90: 20.939757 | AJ90: 3.2215011 | AK90: 0.80537527 | AL90: 24.966633 | AM90: 231.20128 | AN90: 0 | AO90: 25 | AP90: 70 | AQ90: 36.992205 | AR90: 363.19348 | AU90: 0 | AV90: 0 | AW90: 0 | AX90: 8 | AY90: 44 | AZ90: 0 | BA90: 0 | BB90: 0 | BC90: 8.447321 | BD90: 52.795756 | BE90: 61.243077
A91: CHRS_PPC0092 | B91: NGOMA NANGA DIEU MERCI | C91: PARKING QUEUE SYSTEM CLERK | E91: 544200192143886 | F91: EBCDC | G91: 0 | I91: 13 | J91: 7.6793827 | K91: 99.831976 | L91: 0 | M91: 7.6793827 | N91: 0 | O91: 0 | P91: 7.6793827 | Q91: 0 | R91: 0 | S91: 5.1221483 | T91: 0 | U91: 29.949593 | V91: 1.17 | W91: 15.21 | X91: 0 | Y91: 0 | Z91: 15.21 | AA91: 51.643849 | AB91: 151.47582 | AC91: 143.90203 | AD91: 7.5737912 | AE91: 13.133131 | AF91: 20.706922 | AG91: 0 | AH91: 175.92849 | AI91: 19.691857 | AJ91: 3.0295165 | AK91: 0.75737912 | AL91: 23.478753 | AM91: 220.11417 | AN91: 0 | AO91: 25 | AP91: 70 | AQ91: 35.218267 | AR91: 350.33244 | AU91: 0 | AV91: 0 | AW91: 0 | AX91: 8 | AY91: 36 | AZ91: 0 | BA91: 0 | BB91: 0 | BC91: 8.447321 | BD91: 43.196528 | BE91: 51.643849
A92: CHRS_PPC0074 | B92: MOKANGA AYELO KELLY | C92: PARKING FIELD MARSHALL | E92: 544100200467558 | F92: EBCDC | G92: 0 | I92: 11 | J92: 4.5538401 | K92: 50.092241 | L92: 0 | M92: 4.5538401 | N92: 0 | O92: 0 | P92: 4.5538401 | Q92: 0 | R92: 0 | S92: 3.0374114 | T92: 0 | U92: 15.027672 | V92: 1.17 | W92: 12.87 | X92: 0 | Y92: 0 | Z92: 12.87 | AA92: 30.880728 | AB92: 80.97297 | AC92: 76.924321 | AD92: 4.0486485 | AE92: 3.0864742 | AF92: 7.1351227 | AG92: 0 | AH92: 101.73552 | AI92: 10.526486 | AJ92: 1.6194594 | AK92: 0.40486485 | AL92: 12.55081 | AM92: 121.42145 | AN92: 0 | AO92: 25 | AP92: 70 | AQ92: 19.427432 | AR92: 235.84888 | AU92: 3 | AV92: 0 | AW92: 0 | AX92: 6 | AY92: 35 | AZ92: 2.2199971 | BA92: 0 | BB92: 0 | BC92: 3.7569181 | BD92: 24.903813 | BE92: 30.880728
A93: CHRS_PPC0011 | B93: BETI EMMANUEL JOB | C93: PATROLLER | E93: 544200132436991 | F93: EBCDC | G93: 0 | I93: 10 | J93: 7.2279155 | K93: 72.279155 | L93: 0 | M93: 7.2279155 | N93: 0 | O93: 0 | P93: 7.2279155 | Q93: 0 | R93: 0 | S93: 4.8210196 | T93: 0 | U93: 21.683746 | V93: 1.17 | W93: 11.7 | X93: 3 | Y93: 3.51 | Z93: 15.21 | AA93: 89.852024 | AB93: 162.13118 | AC93: 154.02462 | AD93: 8.1065589 | AE93: 14.651519 | AF93: 22.758078 | AG93: 0 | AH93: 176.26685 | AI93: 21.077053 | AJ93: 3.2426236 | AK93: 0.81065589 | AL93: 25.130333 | AM93: 224.15526 | AN93: 0 | AO93: 25 | AP93: 70 | AQ93: 35.864841 | AR93: 355.0201 | AU93: 7 | AV93: 0 | AW93: 25 | AX93: 6 | AY93: 27 | AZ93: 8.2217539 | BA93: 0 | BB93: 45.174472 | BC93: 5.9630303 | BD93: 30.492768 | BE93: 89.852024
A94: CHRS_PPC0083 | B94: MWIMBA NAWEJ CHRISTIAN | C94: PATROLLER | E94: 544200131313246 | F94: EBCDC | G94: 3 | I94: 12 | J94: 7.2279155 | K94: 86.734986 | L94: 0 | M94: 7.2279155 | N94: 0 | O94: 0 | P94: 7.2279155 | Q94: 0 | R94: 0 | S94: 4.8210196 | T94: 0 | U94: 26.020496 | V94: 1.17 | W94: 14.04 | X94: 0 | Y94: 0 | Z94: 14.04 | AA94: 55.654949 | AB94: 142.38993 | AC94: 135.27044 | AD94: 7.1194967 | AE94: 11.128088 | AF94: 18.247585 | AG94: 0 | AH94: 164.20285 | AI94: 18.510692 | AJ94: 2.8477987 | AK94: 0.71194967 | AL94: 22.07044 | AM94: 204.52087 | AN94: 0 | AO94: 25 | AP94: 70 | AQ94: 32.723339 | AR94: 332.24421 | AU94: 6 | AV94: 0 | AW94: 0 | AX94: 8 | AY94: 36 | AZ94: 7.0472176 | BA94: 0 | BB94: 0 | BC94: 7.950707 | BD94: 40.657025 | BE94: 55.654949
A95: CHRS_PPC0121 | B95: YANZALA DIAKUMENE | C95: PATROLLER | E95: 544200131442159 | F95: EBCDC | G95: 5 | I95: 10 | J95: 7.2279155 | K95: 72.279155 | L95: 0 | M95: 7.2279155 | N95: 0 | O95: 0 | P95: 7.2279155 | Q95: 0 | R95: 0 | S95: 4.8210196 | T95: 0 | U95: 21.683746 | V95: 1.17 | W95: 11.7 | X95: 3 | Y95: 3.51 | Z95: 15.21 | AA95: 91.026561 | AB95: 163.30572 | AC95: 155.14043 | AD95: 8.1652858 | AE95: 13.337001 | AF95: 21.502287 | AG95: 0 | AH95: 178.69717 | AI95: 21.229743 | AJ95: 3.2661143 | AK95: 0.81652858 | AL95: 25.312386 | AM95: 225.51185 | AN95: 0 | AO95: 25 | AP95: 70 | AQ95: 36.081896 | AR95: 356.59374 | AU95: 8 | AV95: 0 | AW95: 25 | AX95: 6 | AY95: 27 | AZ95: 9.3962901 | BA95: 0 | BB95: 45.174472 | BC95: 5.9630303 | BD95: 30.492768 | BE95: 91.026561
A96: CHRS_PPC0027 | B96: KAMENA NGIAYANU GUYLAIN | C96: PATROLLER | E96: 544100131266885 | F96: EBCDC | G96: 4 | I96: 13 | J96: 7.2279155 | K96: 93.962901 | L96: 0 | M96: 7.2279155 | N96: 0 | O96: 0 | P96: 7.2279155 | Q96: 0 | R96: 0 | S96: 4.8210196 | T96: 0 | U96: 28.18887 | V96: 1.17 | W96: 15.21 | X96: 0 | Y96: 0 | Z96: 15.21 | AA96: 53.305877 | AB96: 147.26878 | AC96: 139.90534 | AD96: 7.3634389 | AE96: 11.530937 | AF96: 18.894376 | AG96: 0 | AH96: 171.77327 | AI96: 19.144941 | AJ96: 2.9453756 | AK96: 0.73634389 | AL96: 22.826661 | AM96: 213.49431 | AN96: 0 | AO96: 25 | AP96: 70 | AQ96: 34.159089 | AR96: 342.6534 | AU96: 4 | AV96: 0 | AW96: 0 | AX96: 8 | AY96: 36 | AZ96: 4.6981451 | BA96: 0 | BB96: 0 | BC96: 7.950707 | BD96: 40.657025 | BE96: 53.305877
A97: CHRS_PPC0003 | B97: BAKUSU METUSALA Richard | C97: PLUMBER | E97: 544200184863939 | F97: EBCDC | G97: 0 | I97: 10 | J97: 12.541338 | K97: 125.41338 | L97: 0 | M97: 12.541338 | N97: 0 | O97: 0 | P97: 12.541338 | Q97: 0 | R97: 0 | S97: 8.3650724 | T97: 0 | U97: 37.624014 | V97: 1.17 | W97: 11.7 | X97: 0 | Y97: 0 | Z97: 11.7 | AA97: 24.455609 | AB97: 149.86899 | AC97: 142.37554 | AD97: 7.4934494 | AE97: 12.904157 | AF97: 20.397606 | AG97: 0 | AH97: 178.7954 | AI97: 19.482968 | AJ97: 2.9973798 | AK97: 0.74934494 | AL97: 23.229693 | AM97: 222.4227 | AN97: 0 | AO97: 25 | AP97: 70 | AQ97: 35.587631 | AR97: 353.01033 | AU97: 12 | AV97: 0 | AW97: 0 | AX97: 0 | AY97: 0 | AZ97: 24.455609 | BA97: 0 | BB97: 0 | BC97: 0 | BD97: 0 | BE97: 24.455609
A98: CHRS_PPC0111 | B98: PIRWOTH UCIRCAN JEAN DE DIEU | C98: PROCESS TECHNICIAN | E98: 05126-00490623001-67 | F98: RAWBANK | G98: 0 | I98: 10 | J98: 12.541338 | K98: 125.41338 | L98: 0 | M98: 12.541338 | N98: 0 | O98: 0 | P98: 12.541338 | Q98: 0 | R98: 0 | S98: 8.3650724 | T98: 0 | U98: 37.624014 | V98: 1.17 | W98: 11.7 | X98: 0 | Y98: 0 | Z98: 11.7 | AA98: 24.455609 | AB98: 149.86899 | AC98: 142.37554 | AD98: 7.4934494 | AE98: 12.904157 | AF98: 20.397606 | AG98: 0 | AH98: 178.7954 | AI98: 19.482968 | AJ98: 2.9973798 | AK98: 0.74934494 | AL98: 23.229693 | AM98: 222.4227 | AN98: 0 | AO98: 25 | AP98: 70 | AQ98: 35.587631 | AR98: 353.01033 | AU98: 12 | AV98: 0 | AW98: 0 | AX98: 0 | AY98: 0 | AZ98: 24.455609 | BA98: 0 | BB98: 0 | BC98: 0 | BD98: 0 | BE98: 24.455609
A99: CHRS_PPC0095 | B99: NKIAWETE MBAKI Gregoire | C99: REBAR WORKER | E99: 544200184858604 | F99: EBCDC | G99: 1 | I99: 11 | J99: 12.541338 | K99: 137.95472 | L99: 0 | M99: 12.541338 | N99: 0 | O99: 0 | P99: 12.541338 | Q99: 0 | R99: 0 | S99: 8.3650724 | T99: 0 | U99: 41.386415 | V99: 1.17 | W99: 12.87 | X99: 0 | Y99: 0 | Z99: 12.87 | AA99: 35.037363 | AB99: 172.99208 | AC99: 164.34248 | AD99: 8.649604 | AE99: 15.875214 | AF99: 24.524818 | AG99: 0 | AH99: 202.72368 | AI99: 22.48897 | AJ99: 3.4598416 | AK99: 0.8649604 | AL99: 26.813772 | AM99: 254.06227 | AN99: 0 | AO99: 25 | AP99: 70 | AQ99: 40.649963 | AR99: 389.71223 | AU99: 13.5 | AV99: 3 | AW99: 0 | AX99: 0 | AY99: 0 | AZ99: 27.51256 | BA99: 7.5248028 | BB99: 0 | BC99: 0 | BD99: 0 | BE99: 35.037363
A100: CHRS_PPC0117 | B100: TENDA MAVANGA JEAN PAUL | C100: SAFETY WATCHER | E100: 544200098874312 | F100: EBCDC | G100: 5 | I100: 11 | J100: 16.014163 | K100: 176.15579 | L100: 0 | M100: 16.014163 | N100: 0 | O100: 0 | P100: 16.014163 | Q100: 0 | R100: 0 | S100: 10.681447 | T100: 0 | U100: 52.846738 | V100: 1.17 | W100: 12.87 | X100: 0 | Y100: 0 | Z100: 12.87 | AA100: 0 | AB100: 176.15579 | AC100: 167.348 | AD100: 8.8077897 | AE100: 14.985024 | AF100: 23.792814 | AG100: 0 | AH100: 218.07972 | AI100: 22.900253 | AJ100: 3.5231159 | AK100: 0.88077897 | AL100: 27.304148 | AM100: 269.17668 | AN100: 0 | AO100: 25 | AP100: 70 | AQ100: 43.068269 | AR100: 407.24495 | AU100: 0 | AV100: 0 | AW100: 0 | AX100: 0 | AY100: 0 | AZ100: 0 | BA100: 0 | BB100: 0 | BC100: 0 | BD100: 0 | BE100: 0
A101: CHRS_PPC0034 | B101: KUYIKAMA DOLA MICHAEL | C101: SAFETY WATCHER | E101: 544200179745831 | F101: EBCDC | G101: 1 | I101: 11 | J101: 16.014163 | K101: 176.15579 | L101: 0 | M101: 16.014163 | N101: 0 | O101: 0 | P101: 16.014163 | Q101: 0 | R101: 0 | S101: 10.681447 | T101: 0 | U101: 52.846738 | V101: 1.17 | W101: 12.87 | X101: 0 | Y101: 0 | Z101: 12.87 | AA101: 0 | AB101: 176.15579 | AC101: 167.348 | AD101: 8.8077897 | AE101: 16.317026 | AF101: 25.124816 | AG101: 0 | AH101: 216.74772 | AI101: 22.900253 | AJ101: 3.5231159 | AK101: 0.88077897 | AL101: 27.304148 | AM101: 269.17668 | AN101: 0 | AO101: 25 | AP101: 70 | AQ101: 43.068269 | AR101: 407.24495 | AU101: 0 | AV101: 0 | AW101: 0 | AX101: 0 | AY101: 0 | AZ101: 0 | BA101: 0 | BB101: 0 | BC101: 0 | BD101: 0 | BE101: 0
A102: CHRS_PPC0048 | B102: MAKANZU MANKELA Jonathan | C102: SAMPLER | E102: 844100053313355 | F102: EBCDC | G102: 0 | I102: 13 | J102: 4.5538401 | K102: 59.199921 | L102: 0 | M102: 4.5538401 | N102: 0 | O102: 0 | P102: 4.5538401 | Q102: 0 | R102: 0 | S102: 3.0374114 | T102: 0 | U102: 17.759976 | V102: 1.17 | W102: 15.21 | X102: 0 | Y102: 0 | Z102: 15.21 | AA102: 30.624575 | AB102: 89.824496 | AC102: 85.333271 | AD102: 4.4912248 | AE102: 4.3478168 | AF102: 8.8390416 | AG102: 0 | AH102: 113.95543 | AI102: 11.677185 | AJ102: 1.7964899 | AK102: 0.44912248 | AL102: 13.922797 | AM102: 136.71727 | AN102: 0 | AO102: 25 | AP102: 70 | AQ102: 21.874763 | AR102: 253.59203 | AU102: 0 | AV102: 0 | AW102: 0 | AX102: 8 | AY102: 36 | AZ102: 0 | BA102: 0 | BB102: 0 | BC102: 5.0092241 | BD102: 25.615351 | BE102: 30.624575
B103: NZINGA SOPHIA SYNTICHE | C103: SAMPLER | G103: 0 | I103: 11 | J103: 4.5538401 | K103: 50.092241 | L103: 0 | M103: 4.5538401 | N103: 0 | O103: 0 | P103: 4.5538401 | Q103: 0 | R103: 0 | S103: 3.0374114 | T103: 0 | U103: 15.027672 | V103: 1.17 | W103: 12.87 | X103: 1 | Y103: 1.17 | Z103: 14.04 | AA103: 3.4153801 | AB103: 53.507621 | AC103: 50.83224 | AD103: 2.6753811 | AE103: 16.317026 | AF103: 18.992407 | AG103: 0 | AH103: 63.582886 | AI103: 6.9559908 | AJ103: 1.0701524 | AK103: 0.26753811 | AL103: 8.2936813 | AM103: 90.868975 | AN103: 0 | AO103: 25 | AP103: 70 | AQ103: 14.539036 | AR103: 200.40801 | AU103: 0 | AV103: 0 | AW103: 3 | AX103: 0 | AY103: 0 | AZ103: 0 | BA103: 0 | BB103: 3.4153801 | BC103: 0 | BD103: 0 | BE103: 3.4153801
...

Sheet Moteur IPR
I4: taux | J4: 2300
B5: taux | C5: valeur inf | D5: valeur sup | E5: cumul | G5: nbre pers | H5: USD | I5: CDF | J5: BI | K5: Taux | L5: Tranche | M5: Cumul IPR | N5: Rabais | O5: IPR NET | P5: IPR USD
B6: 0 | C6: 0 | D6: 162000 | E6: 4860 | G6: ='PPC Usine-Zamba'!G6 -> 5 | H6: ='PPC Usine-Zamba'!AC6 -> 269.1637 | I6: =Tableau1[[#This Row],[USD]]*$J$4 -> 619076.51 | J6: =I6-VLOOKUP($I6,$C$6:$D$9,1) -> 457076.51 | K6: =VLOOKUP($I6,$C$11:$D$14,2) -> 0.15 | L6: =J6*K6 -> 68561.477 | M6: =L6+VLOOKUP($I6,$C$15:$E$19,3) -> 73421.477 | N6: =M6*(G6*2%) -> 7342.1477 | O6: =M6-N6 -> 66079.329 | P6: =O6/$J$4 -> 28.730143
B7: 0.15 | C7: 162000 | D7: 1800000 | E7: 245700 | G7: ='PPC Usine-Zamba'!G7 -> 3 | H7: ='PPC Usine-Zamba'!AC7 -> 252.78187 | I7: =Tableau1[[#This Row],[USD]]*$J$4 -> 581398.3 | J7: =I7-VLOOKUP($I7,$C$6:$D$9,1) -> 419398.3 | K7: =VLOOKUP($I7,$C$11:$D$14,2) -> 0.15 | L7: =J7*K7 -> 62909.745 | M7: =L7+VLOOKUP($I7,$C$15:$E$19,3) -> 67769.745 | N7: =M7*(G7*2%) -> 4066.1847 | O7: =M7-N7 -> 63703.56 | P7: =O7/$J$4 -> 27.6972
B8: 0.3 | C8: 1800000 | D8: 3600000 | E8: 540000 | G8: ='PPC Usine-Zamba'!G8 -> 3 | H8: ='PPC Usine-Zamba'!AC8 -> 235.009 | I8: =Tableau1[[#This Row],[USD]]*$J$4 -> 540520.69 | J8: =I8-VLOOKUP($I8,$C$6:$D$9,1) -> 378520.69 | K8: =VLOOKUP($I8,$C$11:$D$14,2) -> 0.15 | L8: =J8*K8 -> 56778.104 | M8: =L8+VLOOKUP($I8,$C$15:$E$19,3) -> 61638.104 | N8: =M8*(G8*2%) -> 3698.2862 | O8: =M8-N8 -> 57939.818 | P8: =O8/$J$4 -> 25.191225
B9: 0.4 | C9: 3600000 | D9: 0 | E9: 0 | G9: ='PPC Usine-Zamba'!G9 -> 3 | H9: ='PPC Usine-Zamba'!AC9 -> 271.42199 | I9: =Tableau1[[#This Row],[USD]]*$J$4 -> 624270.57 | J9: =I9-VLOOKUP($I9,$C$6:$D$9,1) -> 462270.57 | K9: =VLOOKUP($I9,$C$11:$D$14,2) -> 0.15 | L9: =J9*K9 -> 69340.586 | M9: =L9+VLOOKUP($I9,$C$15:$E$19,3) -> 74200.586 | N9: =M9*(G9*2%) -> 4452.0351 | O9: =M9-N9 -> 69748.55 | P9: =O9/$J$4 -> 30.325457
G10: ='PPC Usine-Zamba'!G11 -> 3 | H10: ='PPC Usine-Zamba'!AC11 -> 263.96068 | I10: =Tableau1[[#This Row],[USD]]*$J$4 -> 607109.55 | J10: =I10-VLOOKUP($I10,$C$6:$D$9,1) -> 445109.55 | K10: =VLOOKUP($I10,$C$11:$D$14,2) -> 0.15 | L10: =J10*K10 -> 66766.433 | M10: =L10+VLOOKUP($I10,$C$15:$E$19,3) -> 71626.433 | N10: =M10*(G10*2%) -> 4297.586 | O10: =M10-N10 -> 67328.847 | P10: =O10/$J$4 -> 29.273412
C11: 0 | D11: 0 | G11: ='PPC Usine-Zamba'!G12 -> 5 | H11: ='PPC Usine-Zamba'!AC12 -> 117.11134 | I11: =Tableau1[[#This Row],[USD]]*$J$4 -> 269356.08 | J11: =I11-VLOOKUP($I11,$C$6:$D$9,1) -> 107356.08 | K11: =VLOOKUP($I11,$C$11:$D$14,2) -> 0.15 | L11: =J11*K11 -> 16103.413 | M11: =L11+VLOOKUP($I11,$C$15:$E$19,3) -> 20963.413 | N11: =M11*(G11*2%) -> 2096.3413 | O11: =M11-N11 -> 18867.071 | P11: =O11/$J$4 -> 8.2030745
C12: 162001 | D12: 0.15 | G12: ='PPC Usine-Zamba'!G13 -> 4 | H12: ='PPC Usine-Zamba'!AC13 -> 161.95962 | I12: =Tableau1[[#This Row],[USD]]*$J$4 -> 372507.13 | J12: =I12-VLOOKUP($I12,$C$6:$D$9,1) -> 210507.13 | K12: =VLOOKUP($I12,$C$11:$D$14,2) -> 0.15 | L12: =J12*K12 -> 31576.07 | M12: =L12+VLOOKUP($I12,$C$15:$E$19,3) -> 36436.07 | N12: =M12*(G12*2%) -> 2914.8856 | O12: =M12-N12 -> 33521.184 | P12: =O12/$J$4 -> 14.574428
C13: 1800001 | D13: 0.3 | G13: ='PPC Usine-Zamba'!G14 -> 1 | H13: ='PPC Usine-Zamba'!AC14 -> 145.67366 | I13: =Tableau1[[#This Row],[USD]]*$J$4 -> 335049.43 | J13: =I13-VLOOKUP($I13,$C$6:$D$9,1) -> 173049.43 | K13: =VLOOKUP($I13,$C$11:$D$14,2) -> 0.15 | L13: =J13*K13 -> 25957.414 | M13: =L13+VLOOKUP($I13,$C$15:$E$19,3) -> 30817.414 | N13: =M13*(G13*2%) -> 616.34829 | O13: =M13-N13 -> 30201.066 | P13: =O13/$J$4 -> 13.130898
C14: 3600001 | D14: 0.4 | G14: ='PPC Usine-Zamba'!G15 -> 1 | H14: ='PPC Usine-Zamba'!AC15 -> 162.66735 | I14: =Tableau1[[#This Row],[USD]]*$J$4 -> 374134.91 | J14: =I14-VLOOKUP($I14,$C$6:$D$9,1) -> 212134.91 | K14: =VLOOKUP($I14,$C$11:$D$14,2) -> 0.15 | L14: =J14*K14 -> 31820.236 | M14: =L14+VLOOKUP($I14,$C$15:$E$19,3) -> 36680.236 | N14: =M14*(G14*2%) -> 733.60473 | O14: =M14-N14 -> 35946.632 | P14: =O14/$J$4 -> 15.62897
G15: ='PPC Usine-Zamba'!G16 -> 0 | H15: ='PPC Usine-Zamba'!AC16 -> 208.64472 | I15: =Tableau1[[#This Row],[USD]]*$J$4 -> 479882.85 | J15: =I15-VLOOKUP($I15,$C$6:$D$9,1) -> 317882.85 | K15: =VLOOKUP($I15,$C$11:$D$14,2) -> 0.15 | L15: =J15*K15 -> 47682.427 | M15: =L15+VLOOKUP($I15,$C$15:$E$19,3) -> 52542.427 | N15: =M15*(G15*2%) -> 0 | O15: =M15-N15 -> 52542.427 | P15: =O15/$J$4 -> 22.844534
C16: 0 | D16: 4860 | E16: 2300 | G16: ='PPC Usine-Zamba'!G17 -> 4 | H16: ='PPC Usine-Zamba'!AC17 -> 247.05998 | I16: =Tableau1[[#This Row],[USD]]*$J$4 -> 568237.97 | J16: =I16-VLOOKUP($I16,$C$6:$D$9,1) -> 406237.97 | K16: =VLOOKUP($I16,$C$11:$D$14,2) -> 0.15 | L16: =J16*K16 -> 60935.695 | M16: =L16+VLOOKUP($I16,$C$15:$E$19,3) -> 65795.695 | N16: =M16*(G16*2%) -> 5263.6556 | O16: =M16-N16 -> 60532.039 | P16: =O16/$J$4 -> 26.318278
C17: 162001 | D17: 245700 | E17: 4860 | G17: ='PPC Usine-Zamba'!G18 -> 0 | H17: ='PPC Usine-Zamba'!AC18 -> 240.14703 | I17: =Tableau1[[#This Row],[USD]]*$J$4 -> 552338.16 | J17: =I17-VLOOKUP($I17,$C$6:$D$9,1) -> 390338.16 | K17: =VLOOKUP($I17,$C$11:$D$14,2) -> 0.15 | L17: =J17*K17 -> 58550.724 | M17: =L17+VLOOKUP($I17,$C$15:$E$19,3) -> 63410.724 | N17: =M17*(G17*2%) -> 0 | O17: =M17-N17 -> 63410.724 | P17: =O17/$J$4 -> 27.56988
C18: 1800001 | D18: 540000 | E18: 250560 | G18: ='PPC Usine-Zamba'!G19 -> 0 | H18: ='PPC Usine-Zamba'!AC19 -> 85.333271 | I18: =Tableau1[[#This Row],[USD]]*$J$4 -> 196266.52 | J18: =I18-VLOOKUP($I18,$C$6:$D$9,1) -> 34266.524 | K18: =VLOOKUP($I18,$C$11:$D$14,2) -> 0.15 | L18: =J18*K18 -> 5139.9786 | M18: =L18+VLOOKUP($I18,$C$15:$E$19,3) -> 9999.9786 | N18: =M18*(G18*2%) -> 0 | O18: =M18-N18 -> 9999.9786 | P18: =O18/$J$4 -> 4.3478168
C19: 3600001 | D19: 0 | E19: 790560 | G19: ='PPC Usine-Zamba'!G20 -> 0 | H19: ='PPC Usine-Zamba'!AC20 -> 313.27066 | I19: =Tableau1[[#This Row],[USD]]*$J$4 -> 720522.52 | J19: =I19-VLOOKUP($I19,$C$6:$D$9,1) -> 558522.52 | K19: =VLOOKUP($I19,$C$11:$D$14,2) -> 0.15 | L19: =J19*K19 -> 83778.378 | M19: =L19+VLOOKUP($I19,$C$15:$E$19,3) -> 88638.378 | N19: =M19*(G19*2%) -> 0 | O19: =M19-N19 -> 88638.378 | P19: =O19/$J$4 -> 38.538425
G20: ='PPC Usine-Zamba'!G21 -> 0 | H20: ='PPC Usine-Zamba'!AC21 -> 378.16784 | I20: =Tableau1[[#This Row],[USD]]*$J$4 -> 869786.03 | J20: =I20-VLOOKUP($I20,$C$6:$D$9,1) -> 707786.03 | K20: =VLOOKUP($I20,$C$11:$D$14,2) -> 0.15 | L20: =J20*K20 -> 106167.91 | M20: =L20+VLOOKUP($I20,$C$15:$E$19,3) -> 111027.91 | N20: =M20*(G20*2%) -> 0 | O20: =M20-N20 -> 111027.91 | P20: =O20/$J$4 -> 48.273002
G21: ='PPC Usine-Zamba'!G22 -> 2 | H21: ='PPC Usine-Zamba'!AC22 -> 470.12557 | I21: =Tableau1[[#This Row],[USD]]*$J$4 -> 1081288.8 | J21: =I21-VLOOKUP($I21,$C$6:$D$9,1) -> 919288.8 | K21: =VLOOKUP($I21,$C$11:$D$14,2) -> 0.15 | L21: =J21*K21 -> 137893.32 | M21: =L21+VLOOKUP($I21,$C$15:$E$19,3) -> 142753.32 | N21: =M21*(G21*2%) -> 5710.1328 | O21: =M21-N21 -> 137043.19 | P21: =O21/$J$4 -> 59.583994
G22: ='PPC Usine-Zamba'!G23 -> 5 | H22: ='PPC Usine-Zamba'!AC23 -> 321.75978 | I22: =Tableau1[[#This Row],[USD]]*$J$4 -> 740047.5 | J22: =I22-VLOOKUP($I22,$C$6:$D$9,1) -> 578047.5 | K22: =VLOOKUP($I22,$C$11:$D$14,2) -> 0.15 | L22: =J22*K22 -> 86707.125 | M22: =L22+VLOOKUP($I22,$C$15:$E$19,3) -> 91567.125 | N22: =M22*(G22*2%) -> 9156.7125 | O22: =M22-N22 -> 82410.412 | P22: =O22/$J$4 -> 35.830614
G23: ='PPC Usine-Zamba'!G25 -> 0 | H23: ='PPC Usine-Zamba'!AC25 -> 402.85129 | I23: =Tableau1[[#This Row],[USD]]*$J$4 -> 926557.97 | J23: =I23-VLOOKUP($I23,$C$6:$D$9,1) -> 764557.97 | K23: =VLOOKUP($I23,$C$11:$D$14,2) -> 0.15 | L23: =J23*K23 -> 114683.69 | M23: =L23+VLOOKUP($I23,$C$15:$E$19,3) -> 119543.69 | N23: =M23*(G23*2%) -> 0 | O23: =M23-N23 -> 119543.69 | P23: =O23/$J$4 -> 51.97552
G24: ='PPC Usine-Zamba'!G26 -> 5 | H24: ='PPC Usine-Zamba'!AC26 -> 0 | I24: =Tableau1[[#This Row],[USD]]*$J$4 -> 0 | J24: =I24-VLOOKUP($I24,$C$6:$D$9,1) -> 0 | K24: =VLOOKUP($I24,$C$11:$D$14,2) -> 0 | L24: =J24*K24 -> 0 | M24: =L24+VLOOKUP($I24,$C$15:$E$19,3) -> 2300 | N24: =M24*(G24*2%) -> 230 | O24: =M24-N24 -> 2070 | P24: =O24/$J$4 -> 0.9
G25: ='PPC Usine-Zamba'!#REF! -> #REF! | H25: ='PPC Usine-Zamba'!#REF! -> #REF! | I25: =Tableau1[[#This Row],[USD]]*$J$4 -> #REF! | J25: =I25-VLOOKUP($I25,$C$6:$D$9,1) -> #REF! | K25: =VLOOKUP($I25,$C$11:$D$14,2) -> #REF! | L25: =J25*K25 -> #REF! | M25: =L25+VLOOKUP($I25,$C$15:$E$19,3) -> #REF! | N25: =M25*(G25*2%) -> #REF! | O25: =M25-N25 -> #REF! | P25: =O25/$J$4 -> #REF!
G26: ='PPC Usine-Zamba'!#REF! -> #REF! | H26: ='PPC Usine-Zamba'!#REF! -> #REF! | I26: =Tableau1[[#This Row],[USD]]*$J$4 -> #REF! | J26: =I26-VLOOKUP($I26,$C$6:$D$9,1) -> #REF! | K26: =VLOOKUP($I26,$C$11:$D$14,2) -> #REF! | L26: =J26*K26 -> #REF! | M26: =L26+VLOOKUP($I26,$C$15:$E$19,3) -> #REF! | N26: =M26*(G26*2%) -> #REF! | O26: =M26-N26 -> #REF! | P26: =O26/$J$4 -> #REF!
G27: ='PPC Usine-Zamba'!G27 -> 0 | H27: ='PPC Usine-Zamba'!AC27 -> 393.91559 | I27: =Tableau1[[#This Row],[USD]]*$J$4 -> 906005.85 | J27: =I27-VLOOKUP($I27,$C$6:$D$9,1) -> 744005.85 | K27: =VLOOKUP($I27,$C$11:$D$14,2) -> 0.15 | L27: =J27*K27 -> 111600.88 | M27: =L27+VLOOKUP($I27,$C$15:$E$19,3) -> 116460.88 | N27: =M27*(G27*2%) -> 0 | O27: =M27-N27 -> 116460.88 | P27: =O27/$J$4 -> 50.635164
G28: ='PPC Usine-Zamba'!G28 -> 0 | H28: ='PPC Usine-Zamba'!AC28 -> 301.65445 | I28: =Tableau1[[#This Row],[USD]]*$J$4 -> 693805.24 | J28: =I28-VLOOKUP($I28,$C$6:$D$9,1) -> 531805.24 | K28: =VLOOKUP($I28,$C$11:$D$14,2) -> 0.15 | L28: =J28*K28 -> 79770.785 | M28: =L28+VLOOKUP($I28,$C$15:$E$19,3) -> 84630.785 | N28: =M28*(G28*2%) -> 0 | O28: =M28-N28 -> 84630.785 | P28: =O28/$J$4 -> 36.795994
G29: ='PPC Usine-Zamba'!G29 -> 0 | H29: ='PPC Usine-Zamba'!AC29 -> 357.57706 | I29: =Tableau1[[#This Row],[USD]]*$J$4 -> 822427.24 | J29: =I29-VLOOKUP($I29,$C$6:$D$9,1) -> 660427.24 | K29: =VLOOKUP($I29,$C$11:$D$14,2) -> 0.15 | L29: =J29*K29 -> 99064.086 | M29: =L29+VLOOKUP($I29,$C$15:$E$19,3) -> 103924.09 | N29: =M29*(G29*2%) -> 0 | O29: =M29-N29 -> 103924.09 | P29: =O29/$J$4 -> 45.184385
G30: ='PPC Usine-Zamba'!G30 -> 0 | H30: ='PPC Usine-Zamba'!AC30 -> 470.89916 | I30: =Tableau1[[#This Row],[USD]]*$J$4 -> 1083068.1 | J30: =I30-VLOOKUP($I30,$C$6:$D$9,1) -> 921068.08 | K30: =VLOOKUP($I30,$C$11:$D$14,2) -> 0.15 | L30: =J30*K30 -> 138160.21 | M30: =L30+VLOOKUP($I30,$C$15:$E$19,3) -> 143020.21 | N30: =M30*(G30*2%) -> 0 | O30: =M30-N30 -> 143020.21 | P30: =O30/$J$4 -> 62.182701
G31: ='PPC Usine-Zamba'!G31 -> 4 | H31: ='PPC Usine-Zamba'!AC31 -> 235.009 | I31: =Tableau1[[#This Row],[USD]]*$J$4 -> 540520.69 | J31: =I31-VLOOKUP($I31,$C$6:$D$9,1) -> 378520.69 | K31: =VLOOKUP($I31,$C$11:$D$14,2) -> 0.15 | L31: =J31*K31 -> 56778.104 | M31: =L31+VLOOKUP($I31,$C$15:$E$19,3) -> 61638.104 | N31: =M31*(G31*2%) -> 4931.0483 | O31: =M31-N31 -> 56707.055 | P31: =O31/$J$4 -> 24.655242
G32: ='PPC Usine-Zamba'!G32 -> 0 | H32: ='PPC Usine-Zamba'!AC32 -> 258.83754 | I32: =Tableau1[[#This Row],[USD]]*$J$4 -> 595326.34 | J32: =I32-VLOOKUP($I32,$C$6:$D$9,1) -> 433326.34 | K32: =VLOOKUP($I32,$C$11:$D$14,2) -> 0.15 | L32: =J32*K32 -> 64998.951 | M32: =L32+VLOOKUP($I32,$C$15:$E$19,3) -> 69858.951 | N32: =M32*(G32*2%) -> 0 | O32: =M32-N32 -> 69858.951 | P32: =O32/$J$4 -> 30.373457
G33: ='PPC Usine-Zamba'!G33 -> 1 | H33: ='PPC Usine-Zamba'!AC33 -> 249.90184 | I33: =Tableau1[[#This Row],[USD]]*$J$4 -> 574774.22 | J33: =I33-VLOOKUP($I33,$C$6:$D$9,1) -> 412774.22 | K33: =VLOOKUP($I33,$C$11:$D$14,2) -> 0.15 | L33: =J33*K33 -> 61916.133 | M33: =L33+VLOOKUP($I33,$C$15:$E$19,3) -> 66776.133 | N33: =M33*(G33*2%) -> 1335.5227 | O33: =M33-N33 -> 65440.61 | P33: =O33/$J$4 -> 28.452439
G34: ='PPC Usine-Zamba'!G34 -> 1 | H34: ='PPC Usine-Zamba'!AC34 -> 223.09473 | I34: =Tableau1[[#This Row],[USD]]*$J$4 -> 513117.87 | J34: =I34-VLOOKUP($I34,$C$6:$D$9,1) -> 351117.87 | K34: =VLOOKUP($I34,$C$11:$D$14,2) -> 0.15 | L34: =J34*K34 -> 52667.68 | M34: =L34+VLOOKUP($I34,$C$15:$E$19,3) -> 57527.68 | N34: =M34*(G34*2%) -> 1150.5536 | O34: =M34-N34 -> 56377.127 | P34: =O34/$J$4 -> 24.511794
G35: ='PPC Usine-Zamba'!G35 -> 1 | H35: ='PPC Usine-Zamba'!AC35 -> 235.009 | I35: =Tableau1[[#This Row],[USD]]*$J$4 -> 540520.69 | J35: =I35-VLOOKUP($I35,$C$6:$D$9,1) -> 378520.69 | K35: =VLOOKUP($I35,$C$11:$D$14,2) -> 0.15 | L35: =J35*K35 -> 56778.104 | M35: =L35+VLOOKUP($I35,$C$15:$E$19,3) -> 61638.104 | N35: =M35*(G35*2%) -> 1232.7621 | O35: =M35-N35 -> 60405.342 | P35: =O35/$J$4 -> 26.263192
G36: ='PPC Usine-Zamba'!G36 -> 1 | H36: ='PPC Usine-Zamba'!AC36 -> 215.57384 | I36: =Tableau1[[#This Row],[USD]]*$J$4 -> 495819.84 | J36: =I36-VLOOKUP($I36,$C$6:$D$9,1) -> 333819.84 | K36: =VLOOKUP($I36,$C$11:$D$14,2) -> 0.15 | L36: =J36*K36 -> 50072.975 | M36: =L36+VLOOKUP($I36,$C$15:$E$19,3) -> 54932.975 | N36: =M36*(G36*2%) -> 1098.6595 | O36: =M36-N36 -> 53834.316 | P36: =O36/$J$4 -> 23.406224
G37: ='PPC Usine-Zamba'!G37 -> 0 | H37: ='PPC Usine-Zamba'!AC37 -> 243.9447 | I37: =Tableau1[[#This Row],[USD]]*$J$4 -> 561072.81 | J37: =I37-VLOOKUP($I37,$C$6:$D$9,1) -> 399072.81 | K37: =VLOOKUP($I37,$C$11:$D$14,2) -> 0.15 | L37: =J37*K37 -> 59860.921 | M37: =L37+VLOOKUP($I37,$C$15:$E$19,3) -> 64720.921 | N37: =M37*(G37*2%) -> 0 | O37: =M37-N37 -> 64720.921 | P37: =O37/$J$4 -> 28.139531
G38: ='PPC Usine-Zamba'!G38 -> 3 | H38: ='PPC Usine-Zamba'!AC38 -> 235.009 | I38: =Tableau1[[#This Row],[USD]]*$J$4 -> 540520.69 | J38: =I38-VLOOKUP($I38,$C$6:$D$9,1) -> 378520.69 | K38: =VLOOKUP($I38,$C$11:$D$14,2) -> 0.15 | L38: =J38*K38 -> 56778.104 | M38: =L38+VLOOKUP($I38,$C$15:$E$19,3) -> 61638.104 | N38: =M38*(G38*2%) -> 3698.2862 | O38: =M38-N38 -> 57939.818 | P38: =O38/$J$4 -> 25.191225
... G59: ='PPC Usine-Zamba'!G59 -> 4 | H59: ='PPC Usine-Zamba'!AC59 -> 244.25113 | I59: =Tableau1[[#This Row],[USD]]*$J$4 -> 561777.6 | J59: =I59-VLOOKUP($I59,$C$6:$D$9,1) -> 399777.6 | K59: =VLOOKUP($I59,$C$11:$D$14,2) -> 0.15 | L59: =J59*K59 -> 59966.639 | M59: =L59+VLOOKUP($I59,$C$15:$E$19,3) -> 64826.639 | N59: =M59*(G59*2%) -> 5186.1311 | O59: =M59-N59 -> 59640.508 | P59: =O59/$J$4 -> 25.930656
G60: ='PPC Usine-Zamba'!#REF! -> #REF! | H60: ='PPC Usine-Zamba'!#REF! -> #REF! | I60: =Tableau1[[#This Row],[USD]]*$J$4 -> #REF! | J60: =I60-VLOOKUP($I60,$C$6:$D$9,1) -> #REF! | K60: =VLOOKUP($I60,$C$11:$D$14,2) -> #REF! | L60: =J60*K60 -> #REF! | M60: =L60+VLOOKUP($I60,$C$15:$E$19,3) -> #REF! | N60: =M60*(G60*2%) -> #REF! | O60: =M60-N60 -> #REF! | P60: =O60/$J$4 -> #REF!
G61: ='PPC Usine-Zamba'!G60 -> 4 | H61: ='PPC Usine-Zamba'!AC60 -> 107.68859 | I61: =Tableau1[[#This Row],[USD]]*$J$4 -> 247683.76 | J61: =I61-VLOOKUP($I61,$C$6:$D$9,1) -> 85683.756 | K61: =VLOOKUP($I61,$C$11:$D$14,2) -> 0.15 | L61: =J61*K61 -> 12852.563 | M61: =L61+VLOOKUP($I61,$C$15:$E$19,3) -> 17712.563 | N61: =M61*(G61*2%) -> 1417.0051 | O61: =M61-N61 -> 16295.558 | P61: =O61/$J$4 -> 7.0850254
G62: ='PPC Usine-Zamba'!G61 -> 4 | H62: ='PPC Usine-Zamba'!AC61 -> 174.10553 | I62: =Tableau1[[#This Row],[USD]]*$J$4 -> 400442.71 | J62: =I62-VLOOKUP($I62,$C$6:$D$9,1) -> 238442.71 | K62: =VLOOKUP($I62,$C$11:$D$14,2) -> 0.15 | L62: =J62*K62 -> 35766.407 | M62: =L62+VLOOKUP($I62,$C$15:$E$19,3) -> 40626.407 | N62: =M62*(G62*2%) -> 3250.1125 | O62: =M62-N62 -> 37376.294 | P62: =O62/$J$4 -> 16.250563
G63: ='PPC Usine-Zamba'!G62 -> 3 | H63: ='PPC Usine-Zamba'!AC62 -> 241.58415 | I63: =Tableau1[[#This Row],[USD]]*$J$4 -> 555643.54 | J63: =I63-VLOOKUP($I63,$C$6:$D$9,1) -> 393643.54 | K63: =VLOOKUP($I63,$C$11:$D$14,2) -> 0.15 | L63: =J63*K63 -> 59046.531 | M63: =L63+VLOOKUP($I63,$C$15:$E$19,3) -> 63906.531 | N63: =M63*(G63*2%) -> 3834.3919 | O63: =M63-N63 -> 60072.139 | P63: =O63/$J$4 -> 26.118321
G64: ='PPC Usine-Zamba'!G63 -> 0 | H64: ='PPC Usine-Zamba'!AC63 -> 87.198923 | I64: =Tableau1[[#This Row],[USD]]*$J$4 -> 200557.52 | J64: =I64-VLOOKUP($I64,$C$6:$D$9,1) -> 38557.522 | K64: =VLOOKUP($I64,$C$11:$D$14,2) -> 0.15 | L64: =J64*K64 -> 5783.6284 | M64: =L64+VLOOKUP($I64,$C$15:$E$19,3) -> 10643.628 | N64: =M64*(G64*2%) -> 0 | O64: =M64-N64 -> 10643.628 | P64: =O64/$J$4 -> 4.6276645
G65: ='PPC Usine-Zamba'!G64 -> 1 | H65: ='PPC Usine-Zamba'!AC64 -> 85.333271 | I65: =Tableau1[[#This Row],[USD]]*$J$4 -> 196266.52 | J65: =I65-VLOOKUP($I65,$C$6:$D$9,1) -> 34266.524 | K65: =VLOOKUP($I65,$C$11:$D$14,2) -> 0.15 | L65: =J65*K65 -> 5139.9786 | M65: =L65+VLOOKUP($I65,$C$15:$E$19,3) -> 9999.9786 | N65: =M65*(G65*2%) -> 199.99957 | O65: =M65-N65 -> 9799.9791 | P65: =O65/$J$4 -> 4.2608605
G66: ='PPC Usine-Zamba'!G65 -> 1 | H66: ='PPC Usine-Zamba'!AC65 -> 81.007123 | I66: =Tableau1[[#This Row],[USD]]*$J$4 -> 186316.38 | J66: =I66-VLOOKUP($I66,$C$6:$D$9,1) -> 24316.384 | K66: =VLOOKUP($I66,$C$11:$D$14,2) -> 0.15 | L66: =J66*K66 -> 3647.4575 | M66: =L66+VLOOKUP($I66,$C$15:$E$19,3) -> 8507.4575 | N66: =M66*(G66*2%) -> 170.14915 | O66: =M66-N66 -> 8337.3084 | P66: =O66/$J$4 -> 3.6249167
G67: ='PPC Usine-Zamba'!G66 -> 0 | H67: ='PPC Usine-Zamba'!AC66 -> 90.740957 | I67: =Tableau1[[#This Row],[USD]]*$J$4 -> 208704.2 | J67: =I67-VLOOKUP($I67,$C$6:$D$9,1) -> 46704.2 | K67: =VLOOKUP($I67,$C$11:$D$14,2) -> 0.15 | L67: =J67*K67 -> 7005.63 | M67: =L67+VLOOKUP($I67,$C$15:$E$19,3) -> 11865.63 | N67: =M67*(G67*2%) -> 0 | O67: =M67-N67 -> 11865.63 | P67: =O67/$J$4 -> 5.1589696
G68: ='PPC Usine-Zamba'!G67 -> 1 | H68: ='PPC Usine-Zamba'!AC67 -> 156.37481 | I68: =Tableau1[[#This Row],[USD]]*$J$4 -> 359662.06 | J68: =I68-VLOOKUP($I68,$C$6:$D$9,1) -> 197662.06 | K68: =VLOOKUP($I68,$C$11:$D$14,2) -> 0.15 | L68: =J68*K68 -> 29649.309 | M68: =L68+VLOOKUP($I68,$C$15:$E$19,3) -> 34509.309 | N68: =M68*(G68*2%) -> 690.18617 | O68: =M68-N68 -> 33819.122 | P68: =O68/$J$4 -> 14.703966
G69: ='PPC Usine-Zamba'!G68 -> 3 | H69: ='PPC Usine-Zamba'!AC68 -> 104.09062 | I69: =Tableau1[[#This Row],[USD]]*$J$4 -> 239408.42 | J69: =I69-VLOOKUP($I69,$C$6:$D$9,1) -> 77408.424 | K69: =VLOOKUP($I69,$C$11:$D$14,2) -> 0.15 | L69: =J69*K69 -> 11611.264 | M69: =L69+VLOOKUP($I69,$C$15:$E$19,3) -> 16471.264 | N69: =M69*(G69*2%) -> 988.27582 | O69: =M69-N69 -> 15482.988 | P69: =O69/$J$4 -> 6.7317338
G70: ='PPC Usine-Zamba'!G69 -> 2 | H70: ='PPC Usine-Zamba'!AC69 -> 296.29303 | I70: =Tableau1[[#This Row],[USD]]*$J$4 -> 681473.96 | J70: =I70-VLOOKUP($I70,$C$6:$D$9,1) -> 519473.96 | K70: =VLOOKUP($I70,$C$11:$D$14,2) -> 0.15 | L70: =J70*K70 -> 77921.095 | M70: =L70+VLOOKUP($I70,$C$15:$E$19,3) -> 82781.095 | N70: =M70*(G70*2%) -> 3311.2438 | O70: =M70-N70 -> 79469.851 | P70: =O70/$J$4 -> 34.552109
G71: ='PPC Usine-Zamba'!G70 -> 1 | H71: ='PPC Usine-Zamba'!AC70 -> 169.18265 | I71: =Tableau1[[#This Row],[USD]]*$J$4 -> 389120.09 | J71: =I71-VLOOKUP($I71,$C$6:$D$9,1) -> 227120.09 | K71: =VLOOKUP($I71,$C$11:$D$14,2) -> 0.15 | L71: =J71*K71 -> 34068.014 | M71: =L71+VLOOKUP($I71,$C$15:$E$19,3) -> 38928.014 | N71: =M71*(G71*2%) -> 778.56028 | O71: =M71-N71 -> 38149.454 | P71: =O71/$J$4 -> 16.586719
G72: ='PPC Usine-Zamba'!G71 -> 1 | H72: ='PPC Usine-Zamba'!AC71 -> 252.78187 | I72: =Tableau1[[#This Row],[USD]]*$J$4 -> 581398.3 | J72: =I72-VLOOKUP($I72,$C$6:$D$9,1) -> 419398.3 | K72: =VLOOKUP($I72,$C$11:$D$14,2) -> 0.15 | L72: =J72*K72 -> 62909.745 | M72: =L72+VLOOKUP($I72,$C$15:$E$19,3) -> 67769.745 | N72: =M72*(G72*2%) -> 1355.3949 | O72: =M72-N72 -> 66414.35 | P72: =O72/$J$4 -> 28.875804
... G103: ='PPC Usine-Zamba'!G102 -> 0 | H103: ='PPC Usine-Zamba'!AC102 -> 85.333271 | I103: =Tableau1[[#This Row],[USD]]*$J$4 -> 196266.52 | J103: =I103-VLOOKUP($I103,$C$6:$D$9,1) -> 34266.524 | K103: =VLOOKUP($I103,$C$11:$D$14,2) -> 0.15 | L103: =J103*K103 -> 5139.9786 | M103: =L103+VLOOKUP($I103,$C$15:$E$19,3) -> 9999.9786 | N103: =M103*(G103*2%) -> 0 | O103: =M103-N103 -> 9999.9786 | P103: =O103/$J$4 -> 4.3478168
G104: ='PPC Usine-Zamba'!G105 -> 0 | H104: ='PPC Usine-Zamba'!AC105 -> 90.740957 | I104: =Tableau1[[#This Row],[USD]]*$J$4 -> 208704.2 | J104: =I104-VLOOKUP($I104,$C$6:$D$9,1) -> 46704.2 | K104: =VLOOKUP($I104,$C$11:$D$14,2) -> 0.15 | L104: =J104*K104 -> 7005.63 | M104: =L104+VLOOKUP($I104,$C$15:$E$19,3) -> 11865.63 | N104: =M104*(G104*2%) -> 0 | O104: =M104-N104 -> 11865.63 | P104: =O104/$J$4 -> 5.1589696
G105: ='PPC Usine-Zamba'!G106 -> 0 | H105: ='PPC Usine-Zamba'!AC106 -> 50.697048 | I105: =Tableau1[[#This Row],[USD]]*$J$4 -> 116603.21 | J105: =I105-VLOOKUP($I105,$C$6:$D$9,1) -> 116603.21 | K105: =VLOOKUP($I105,$C$11:$D$14,2) -> 0 | L105: =J105*K105 -> 0 | M105: =L105+VLOOKUP($I105,$C$15:$E$19,3) -> 2300 | N105: =M105*(G105*2%) -> 0 | O105: =M105-N105 -> 2300 | P105: =O105/$J$4 -> 1
G106: ='PPC Usine-Zamba'!G107 -> 3 | H106: ='PPC Usine-Zamba'!AC107 -> 87.198923 | I106: =Tableau1[[#This Row],[USD]]*$J$4 -> 200557.52 | J106: =I106-VLOOKUP($I106,$C$6:$D$9,1) -> 38557.522 | K106: =VLOOKUP($I106,$C$11:$D$14,2) -> 0.15 | L106: =J106*K106 -> 5783.6284 | M106: =L106+VLOOKUP($I106,$C$15:$E$19,3) -> 10643.628 | N106: =M106*(G106*2%) -> 638.6177 | O106: =M106-N106 -> 10005.011 | P106: =O106/$J$4 -> 4.3500046
G107: ='PPC Usine-Zamba'!G109 -> 0 | H107: ='PPC Usine-Zamba'!AC109 -> 159.12998 | I107: =Tableau1[[#This Row],[USD]]*$J$4 -> 365998.96 | J107: =I107-VLOOKUP($I107,$C$6:$D$9,1) -> 203998.96 | K107: =VLOOKUP($I107,$C$11:$D$14,2) -> 0.15 | L107: =J107*K107 -> 30599.844 | M107: =L107+VLOOKUP($I107,$C$15:$E$19,3) -> 35459.844 | N107: =M107*(G107*2%) -> 0 | O107: =M107-N107 -> 35459.844 | P107: =O107/$J$4 -> 15.417323
G108: ='PPC Usine-Zamba'!G110 -> 0 | H108: ='PPC Usine-Zamba'!AC110 -> 130.82108 | I108: =Tableau1[[#This Row],[USD]]*$J$4 -> 300888.48 | J108: =I108-VLOOKUP($I108,$C$6:$D$9,1) -> 138888.48 | K108: =VLOOKUP($I108,$C$11:$D$14,2) -> 0.15 | L108: =J108*K108 -> 20833.272 | M108: =L108+VLOOKUP($I108,$C$15:$E$19,3) -> 25693.272 | N108: =M108*(G108*2%) -> 0 | O108: =M108-N108 -> 25693.272 | P108: =O108/$J$4 -> 11.170988
G109: ='PPC Usine-Zamba'!G111 -> 4 | H109: ='PPC Usine-Zamba'!AC111 -> 178.95822 | I109: =Tableau1[[#This Row],[USD]]*$J$4 -> 411603.9 | J109: =I109-VLOOKUP($I109,$C$6:$D$9,1) -> 249603.9 | K109: =VLOOKUP($I109,$C$11:$D$14,2) -> 0.15 | L109: =J109*K109 -> 37440.585 | M109: =L109+VLOOKUP($I109,$C$15:$E$19,3) -> 42300.585 | N109: =M109*(G109*2%) -> 3384.0468 | O109: =M109-N109 -> 38916.538 | P109: =O109/$J$4 -> 16.920234
G110: ='PPC Usine-Zamba'!G112 -> 3 | H110: ='PPC Usine-Zamba'!AC112 -> 136.60662 | I110: =Tableau1[[#This Row],[USD]]*$J$4 -> 314195.23 | J110: =I110-VLOOKUP($I110,$C$6:$D$9,1) -> 152195.23 | K110: =VLOOKUP($I110,$C$11:$D$14,2) -> 0.15 | L110: =J110*K110 -> 22829.284 | M110: =L110+VLOOKUP($I110,$C$15:$E$19,3) -> 27689.284 | N110: =M110*(G110*2%) -> 1661.357 | O110: =M110-N110 -> 26027.927 | P110: =O110/$J$4 -> 11.31649
G111: ='PPC Usine-Zamba'!G113 -> 3 | H111: ='PPC Usine-Zamba'!AC113 -> 253.77397 | I111: =Tableau1[[#This Row],[USD]]*$J$4 -> 583680.14 | J111: =I111-VLOOKUP($I111,$C$6:$D$9,1) -> 421680.14 | K111: =VLOOKUP($I111,$C$11:$D$14,2) -> 0.15 | L111: =J111*K111 -> 63252.021 | M111: =L111+VLOOKUP($I111,$C$15:$E$19,3) -> 68112.021 | N111: =M111*(G111*2%) -> 4086.7212 | O111: =M111-N111 -> 64025.3 | P111: =O111/$J$4 -> 27.837087
G112: ='PPC Usine-Zamba'!G114 -> 2 | H112: ='PPC Usine-Zamba'!AC114 -> 162.50534 | I112: =Tableau1[[#This Row],[USD]]*$J$4 -> 373762.28 | J112: =I112-VLOOKUP($I112,$C$6:$D$9,1) -> 211762.28 | K112: =VLOOKUP($I112,$C$11:$D$14,2) -> 0.15 | L112: =J112*K112 -> 31764.342 | M112: =L112+VLOOKUP($I112,$C$15:$E$19,3) -> 36624.342 | N112: =M112*(G112*2%) -> 1464.9737 | O112: =M112-N112 -> 35159.368 | P112: =O112/$J$4 -> 15.286682
G113: ='PPC Usine-Zamba'!#REF! -> #REF! | H113: ='PPC Usine-Zamba'!#REF! -> #REF! | I113: =Tableau1[[#This Row],[USD]]*$J$4 -> #REF! | J113: =I113-VLOOKUP($I113,$C$6:$D$9,1) -> #REF! | K113: =VLOOKUP($I113,$C$11:$D$14,2) -> #REF! | L113: =J113*K113 -> #REF! | M113: =L113+VLOOKUP($I113,$C$15:$E$19,3) -> #REF! | N113: =M113*(G113*2%) -> #REF! | O113: =M113-N113 -> #REF! | P113: =O113/$J$4 -> #REF!
G114: ='PPC Usine-Zamba'!G115 -> 1 | H114: ='PPC Usine-Zamba'!AC115 -> 265.61378 | I114: =Tableau1[[#This Row],[USD]]*$J$4 -> 610911.69 | J114: =I114-VLOOKUP($I114,$C$6:$D$9,1) -> 448911.69 | K114: =VLOOKUP($I114,$C$11:$D$14,2) -> 0.15 | L114: =J114*K114 -> 67336.754 | M114: =L114+VLOOKUP($I114,$C$15:$E$19,3) -> 72196.754 | N114: =M114*(G114*2%) -> 1443.9351 | O114: =M114-N114 -> 70752.819 | P114: =O114/$J$4 -> 30.762095
G115: ='PPC Usine-Zamba'!G116 -> 0 | H115: ='PPC Usine-Zamba'!AC116 -> 265.61378 | I115: =Tableau1[[#This Row],[USD]]*$J$4 -> 610911.69 | J115: =I115-VLOOKUP($I115,$C$6:$D$9,1) -> 448911.69 | K115: =VLOOKUP($I115,$C$11:$D$14,2) -> 0.15 | L115: =J115*K115 -> 67336.754 | M115: =L115+VLOOKUP($I115,$C$15:$E$19,3) -> 72196.754 | N115: =M115*(G115*2%) -> 0 | O115: =M115-N115 -> 72196.754 | P115: =O115/$J$4 -> 31.389893
G116: ='PPC Usine-Zamba'!G117 -> 0 | H116: ='PPC Usine-Zamba'!AC117 -> 240.14703 | I116: =Tableau1[[#This Row],[USD]]*$J$4 -> 552338.16 | J116: =I116-VLOOKUP($I116,$C$6:$D$9,1) -> 390338.16 | K116: =VLOOKUP($I116,$C$11:$D$14,2) -> 0.15 | L116: =J116*K116 -> 58550.724 | M116: =L116+VLOOKUP($I116,$C$15:$E$19,3) -> 63410.724 | N116: =M116*(G116*2%) -> 0 | O116: =M116-N116 -> 63410.724 | P116: =O116/$J$4 -> 27.56988
G117: ='PPC Usine-Zamba'!G118 -> 0 | H117: ='PPC Usine-Zamba'!AC118 -> 223.09473 | I117: =Tableau1[[#This Row],[USD]]*$J$4 -> 513117.87 | J117: =I117-VLOOKUP($I117,$C$6:$D$9,1) -> 351117.87 | K117: =VLOOKUP($I117,$C$11:$D$14,2) -> 0.15 | L117: =J117*K117 -> 52667.68 | M117: =L117+VLOOKUP($I117,$C$15:$E$19,3) -> 57527.68 | N117: =M117*(G117*2%) -> 0 | O117: =M117-N117 -> 57527.68 | P117: =O117/$J$4 -> 25.012035
G118: ='PPC Usine-Zamba'!G119 -> 0 | H118: ='PPC Usine-Zamba'!AC119 -> 249.90184 | I118: =Tableau1[[#This Row],[USD]]*$J$4 -> 574774.22 | J118: =I118-VLOOKUP($I118,$C$6:$D$9,1) -> 412774.22 | K118: =VLOOKUP($I118,$C$11:$D$14,2) -> 0.15 | L118: =J118*K118 -> 61916.133 | M118: =L118+VLOOKUP($I118,$C$15:$E$19,3) -> 66776.133 | N118: =M118*(G118*2%) -> 0 | O118: =M118-N118 -> 66776.133 | P118: =O118/$J$4 -> 29.033101
G119: ='PPC Usine-Zamba'!G120 -> 0 | H119: ='PPC Usine-Zamba'!AC120 -> 240.14703 | I119: =Tableau1[[#This Row],[USD]]*$J$4 -> 552338.16 | J119: =I119-VLOOKUP($I119,$C$6:$D$9,1) -> 390338.16 | K119: =VLOOKUP($I119,$C$11:$D$14,2) -> 0.15 | L119: =J119*K119 -> 58550.724 | M119: =L119+VLOOKUP($I119,$C$15:$E$19,3) -> 63410.724 | N119: =M119*(G119*2%) -> 0 | O119: =M119-N119 -> 63410.724 | P119: =O119/$J$4 -> 27.56988
G120: ='PPC Usine-Zamba'!#REF! -> #REF! | H120: ='PPC Usine-Zamba'!#REF! -> #REF! | I120: =Tableau1[[#This Row],[USD]]*$J$4 -> #REF! | J120: =I120-VLOOKUP($I120,$C$6:$D$9,1) -> #REF! | K120: =VLOOKUP($I120,$C$11:$D$14,2) -> #REF! | L120: =J120*K120 -> #REF! | M120: =L120+VLOOKUP($I120,$C$15:$E$19,3) -> #REF! | N120: =M120*(G120*2%) -> #REF! | O120: =M120-N120 -> #REF! | P120: =O120/$J$4 -> #REF!
G121: ='PPC Usine-Zamba'!G121 -> 0 | H121: ='PPC Usine-Zamba'!AC121 -> 240.14703 | I121: =Tableau1[[#This Row],[USD]]*$J$4 -> 552338.16 | J121: =I121-VLOOKUP($I121,$C$6:$D$9,1) -> 390338.16 | K121: =VLOOKUP($I121,$C$11:$D$14,2) -> 0.15 | L121: =J121*K121 -> 58550.724 | M121: =L121+VLOOKUP($I121,$C$15:$E$19,3) -> 63410.724 | N121: =M121*(G121*2%) -> 0 | O121: =M121-N121 -> 63410.724 | P121: =O121/$J$4 -> 27.56988
G122: ='PPC Usine-Zamba'!G122 -> 0 | H122: ='PPC Usine-Zamba'!AC122 -> 223.09473 | I122: =Tableau1[[#This Row],[USD]]*$J$4 -> 513117.87 | J122: =I122-VLOOKUP($I122,$C$6:$D$9,1) -> 351117.87 | K122: =VLOOKUP($I122,$C$11:$D$14,2) -> 0.15 | L122: =J122*K122 -> 52667.68 | M122: =L122+VLOOKUP($I122,$C$15:$E$19,3) -> 57527.68 | N122: =M122*(G122*2%) -> 0 | O122: =M122-N122 -> 57527.68 | P122: =O122/$J$4 -> 25.012035
G123: ='PPC Usine-Zamba'!G123 -> 0 | H123: ='PPC Usine-Zamba'!AC123 -> 244.76381 | I123: =Tableau1[[#This Row],[USD]]*$J$4 -> 562956.75 | J123: =I123-VLOOKUP($I123,$C$6:$D$9,1) -> 400956.75 | K123: =VLOOKUP($I123,$C$11:$D$14,2) -> 0.15 | L123: =J123*K123 -> 60143.513 | M123: =L123+VLOOKUP($I123,$C$15:$E$19,3) -> 65003.513 | N123: =M123*(G123*2%) -> 0 | O123: =M123-N123 -> 65003.513 | P123: =O123/$J$4 -> 28.262397
G124: ='PPC Usine-Zamba'!G124 -> 0 | H124: ='PPC Usine-Zamba'!AC124 -> 346.03511 | I124: =Tableau1[[#This Row],[USD]]*$J$4 -> 795880.75 | J124: =I124-VLOOKUP($I124,$C$6:$D$9,1) -> 633880.75 | K124: =VLOOKUP($I124,$C$11:$D$14,2) -> 0.15 | L124: =J124*K124 -> 95082.113 | M124: =L124+VLOOKUP($I124,$C$15:$E$19,3) -> 99942.113 | N124: =M124*(G124*2%) -> 0 | O124: =M124-N124 -> 99942.113 | P124: =O124/$J$4 -> 43.453093
G125: ='PPC Usine-Zamba'!G125 -> 0 | H125: ='PPC Usine-Zamba'!AC125 -> 249.90184 | I125: =Tableau1[[#This Row],[USD]]*$J$4 -> 574774.22 | J125: =I125-VLOOKUP($I125,$C$6:$D$9,1) -> 412774.22 | K125: =VLOOKUP($I125,$C$11:$D$14,2) -> 0.15 | L125: =J125*K125 -> 61916.133 | M125: =L125+VLOOKUP($I125,$C$15:$E$19,3) -> 66776.133 | N125: =M125*(G125*2%) -> 0 | O125: =M125-N125 -> 66776.133 | P125: =O125/$J$4 -> 29.033101
G126: ='PPC Usine-Zamba'!G126 -> 0 | H126: ='PPC Usine-Zamba'!AC126 -> 274.32609 | I126: =Tableau1[[#This Row],[USD]]*$J$4 -> 630950.01 | J126: =I126-VLOOKUP($I126,$C$6:$D$9,1) -> 468950.01 | K126: =VLOOKUP($I126,$C$11:$D$14,2) -> 0.15 | L126: =J126*K126 -> 70342.501 | M126: =L126+VLOOKUP($I126,$C$15:$E$19,3) -> 75202.501 | N126: =M126*(G126*2%) -> 0 | O126: =M126-N126 -> 75202.501 | P126: =O126/$J$4 -> 32.69674
G127: ='PPC Usine-Zamba'!G127 -> 0 | H127: ='PPC Usine-Zamba'!AC127 -> 90.740957 | I127: =Tableau1[[#This Row],[USD]]*$J$4 -> 208704.2 | J127: =I127-VLOOKUP($I127,$C$6:$D$9,1) -> 46704.2 | K127: =VLOOKUP($I127,$C$11:$D$14,2) -> 0.15 | L127: =J127*K127 -> 7005.63 | M127: =L127+VLOOKUP($I127,$C$15:$E$19,3) -> 11865.63 | N127: =M127*(G127*2%) -> 0 | O127: =M127-N127 -> 11865.63 | P127: =O127/$J$4 -> 5.1589696
G128: ='PPC Usine-Zamba'!G128 -> 0 | H128: ='PPC Usine-Zamba'!AC128 -> 85.333271 | I128: =Tableau1[[#This Row],[USD]]*$J$4 -> 196266.52 | J128: =I128-VLOOKUP($I128,$C$6:$D$9,1) -> 34266.524 | K128: =VLOOKUP($I128,$C$11:$D$14,2) -> 0.15 | L128: =J128*K128 -> 5139.9786 | M128: =L128+VLOOKUP($I128,$C$15:$E$19,3) -> 9999.9786 | N128: =M128*(G128*2%) -> 0 | O128: =M128-N128 -> 9999.9786 | P128: =O128/$J$4 -> 4.3478168
G129: ='PPC Usine-Zamba'!G129 -> 0 | H129: ='PPC Usine-Zamba'!AC129 -> 0 | I129: =Tableau1[[#This Row],[USD]]*$J$4 -> 0 | J129: =I129-VLOOKUP($I129,$C$6:$D$9,1) -> 0 | K129: =VLOOKUP($I129,$C$11:$D$14,2) -> 0 | L129: =J129*K129 -> 0 | M129: =L129+VLOOKUP($I129,$C$15:$E$19,3) -> 2300 | N129: =M129*(G129*2%) -> 0 | O129: =M129-N129 -> 2300 | P129: =O129/$J$4 -> 1
G130: ='PPC Usine-Zamba'!G130 -> 0 | H130: ='PPC Usine-Zamba'!AC130 -> 0 | I130: =Tableau1[[#This Row],[USD]]*$J$4 -> 0 | J130: =I130-VLOOKUP($I130,$C$6:$D$9,1) -> 0 | K130: =VLOOKUP($I130,$C$11:$D$14,2) -> 0 | L130: =J130*K130 -> 0 | M130: =L130+VLOOKUP($I130,$C$15:$E$19,3) -> 2300 | N130: =M130*(G130*2%) -> 0 | O130: =M130-N130 -> 2300 | P130: =O130/$J$4 -> 1
G131: ='PPC Usine-Zamba'!G131 -> 0 | H131: ='PPC Usine-Zamba'!AC131 -> 0 | I131: =Tableau1[[#This Row],[USD]]*$J$4 -> 0 | J131: =I131-VLOOKUP($I131,$C$6:$D$9,1) -> 0 | K131: =VLOOKUP($I131,$C$11:$D$14,2) -> 0 | L131: =J131*K131 -> 0 | M131: =L131+VLOOKUP($I131,$C$15:$E$19,3) -> 2300 | N131: =M131*(G131*2%) -> 0 | O131: =M131-N131 -> 2300 | P131: =O131/$J$4 -> 1
G132: ='PPC Usine-Zamba'!G132 -> 0 | H132: ='PPC Usine-Zamba'!AC132 -> 0 | I132: =Tableau1[[#This Row],[USD]]*$J$4 -> 0 | J132: =I132-VLOOKUP($I132,$C$6:$D$9,1) -> 0 | K132: =VLOOKUP($I132,$C$11:$D$14,2) -> 0 | L132: =J132*K132 -> 0 | M132: =L132+VLOOKUP($I132,$C$15:$E$19,3) -> 2300 | N132: =M132*(G132*2%) -> 0 | O132: =M132-N132 -> 2300 | P132: =O132/$J$4 -> 1
... G155: ='PPC Usine-Zamba'!G155 -> 0 | H155: ='PPC Usine-Zamba'!AC155 -> 0 | I155: =Tableau1[[#This Row],[USD]]*$J$4 -> 0 | J155: =I155-VLOOKUP($I155,$C$6:$D$9,1) -> 0 | K155: =VLOOKUP($I155,$C$11:$D$14,2) -> 0 | L155: =J155*K155 -> 0 | M155: =L155+VLOOKUP($I155,$C$15:$E$19,3) -> 2300 | N155: =M155*(G155*2%) -> 0 | O155: =M155-N155 -> 2300 | P155: =O155/$J$4 -> 1
